Currency,Date,Open,High,Low,Close
CAD,22/04/2020,1.421,1.4238,1.4115,1.4161
CAD,21/04/2020,1.4095,1.4265,1.4067,1.421
CAD,20/04/2020,1.4006,1.4133,1.3998,1.4095
CAD,17/04/2020,1.4162,1.4165,1.3998,1.4001
CAD,16/04/2020,1.4094,1.4183,1.4053,1.4162
CAD,15/04/2020,1.3907,1.4132,1.3877,1.4094
CAD,13/04/2020,1.3932,1.3937,1.3856,1.3907
CAD,09/04/2020,1.3969,1.4037,1.3933,1.3956
CAD,08/04/2020,1.3957,1.4082,1.3952,1.4024
CAD,07/04/2020,1.411,1.4143,1.3945,1.3957
CAD,03/04/2020,1.42,1.4262,1.4084,1.411
CAD,31/03/2020,1.4218,1.4299,1.408,1.4141
CAD,30/03/2020,1.3979,1.4184,1.3979,1.4152
CAD,27/03/2020,1.4072,1.4154,1.3922,1.3985
CAD,26/03/2020,1.4237,1.4276,1.4011,1.4072
CAD,25/03/2020,1.4497,1.451,1.4207,1.4237
CAD,23/03/2020,1.4335,1.4559,1.4335,1.4499
CAD,20/03/2020,1.4476,1.4536,1.415,1.4366
CAD,19/03/2020,1.4555,1.4668,1.4351,1.4476
CAD,18/03/2020,1.4213,1.4651,1.4167,1.4555
CAD,17/03/2020,1.3981,1.4246,1.3961,1.4213
CAD,16/03/2020,1.3831,1.4017,1.3734,1.3981
CAD,13/03/2020,1.3795,1.3995,1.3783,1.3806
CAD,12/03/2020,1.3753,1.3898,1.3708,1.3795
CAD,11/03/2020,1.3773,1.3774,1.3682,1.3753
CAD,09/03/2020,1.3603,1.3796,1.3589,1.3773
CAD,06/03/2020,1.3426,1.3439,1.338,1.3418
CAD,05/03/2020,1.3408,1.3433,1.3383,1.3426
CAD,04/03/2020,1.3369,1.3431,1.3331,1.3408
CAD,03/03/2020,1.334,1.3384,1.3319,1.3369
CAD,02/03/2020,1.3412,1.3441,1.3315,1.334
CAD,28/02/2020,1.3362,1.3465,1.3356,1.3407
CAD,27/02/2020,1.332,1.3375,1.3309,1.3362
CAD,26/02/2020,1.3283,1.3325,1.3267,1.332
CAD,25/02/2020,1.3273,1.3306,1.3271,1.3283
CAD,24/02/2020,1.3238,1.3308,1.3235,1.3273
CAD,20/02/2020,1.3259,1.3269,1.3202,1.3225
CAD,17/02/2020,1.3253,1.3257,1.3225,1.3229
CAD,14/02/2020,1.3258,1.3269,1.3236,1.3252
CAD,13/02/2020,1.3246,1.3271,1.324,1.3258
CAD,12/02/2020,1.3292,1.3296,1.3236,1.3246
CAD,11/02/2020,1.3323,1.3324,1.3277,1.3292
CAD,10/02/2020,1.3305,1.3329,1.3289,1.3323
CAD,07/02/2020,1.3289,1.3321,1.3279,1.3308
CAD,06/02/2020,1.3278,1.3309,1.3271,1.3289
CAD,05/02/2020,1.3276,1.3303,1.3263,1.3278
CAD,04/02/2020,1.3285,1.3302,1.3264,1.3276
CAD,03/02/2020,1.3233,1.3304,1.3227,1.3285
CAD,31/01/2020,1.3219,1.3253,1.3191,1.3237
CAD,30/01/2020,1.32,1.3227,1.3191,1.3219
CAD,29/01/2020,1.3179,1.3208,1.3155,1.32
CAD,28/01/2020,1.3178,1.3206,1.3172,1.3179
CAD,27/01/2020,1.3145,1.32,1.3139,1.3178
CAD,24/01/2020,1.3137,1.3153,1.3119,1.3143
CAD,23/01/2020,1.3151,1.3172,1.3132,1.3137
CAD,22/01/2020,1.3069,1.3153,1.3036,1.3151
CAD,21/01/2020,1.305,1.3078,1.3044,1.3069
CAD,20/01/2020,1.3062,1.3072,1.3044,1.305
CAD,17/01/2020,1.3042,1.3075,1.3034,1.3066
CAD,16/01/2020,1.3038,1.3056,1.3032,1.3042
CAD,15/01/2020,1.3051,1.3078,1.3035,1.3038
CAD,14/01/2020,1.3049,1.308,1.3046,1.3051
CAD,13/01/2020,1.3052,1.3068,1.3032,1.3049
CAD,10/01/2020,1.3089,1.3095,1.3029,1.305
CAD,09/01/2020,1.3028,1.3105,1.3023,1.3089
CAD,08/01/2020,1.3013,1.3044,1.2976,1.3028
CAD,06/01/2020,1.2992,1.2994,1.2961,1.2966
CAD,03/01/2020,1.2997,1.3008,1.2961,1.3001
CAD,02/01/2020,1.2983,1.3008,1.2969,1.2997
CAD,01/01/2020,1.2978,1.3,1.2967,1.2983
CAD,31/12/2019,1.306,1.3071,1.2952,1.2978
CAD,30/12/2019,1.3076,1.3085,1.3054,1.306
CAD,27/12/2019,1.3118,1.3125,1.3064,1.3079
CAD,26/12/2019,1.3157,1.3179,1.311,1.3118
CAD,24/12/2019,1.3158,1.318,1.3145,1.3157
CAD,23/12/2019,1.3162,1.3177,1.3141,1.3154
CAD,20/12/2019,1.3119,1.3181,1.3118,1.3161
CAD,19/12/2019,1.3118,1.3138,1.3104,1.3119
CAD,18/12/2019,1.3151,1.3176,1.3103,1.3118
CAD,17/12/2019,1.3144,1.3185,1.314,1.3151
CAD,16/12/2019,1.318,1.3186,1.3115,1.3144
CAD,13/12/2019,1.3184,1.3205,1.3151,1.3166
CAD,12/12/2019,1.3187,1.3194,1.3162,1.3184
CAD,11/12/2019,1.3236,1.324,1.3182,1.3187
CAD,10/12/2019,1.3234,1.325,1.3225,1.3236
CAD,09/12/2019,1.3256,1.3265,1.3223,1.3233
CAD,06/12/2019,1.3176,1.327,1.3171,1.3255
CAD,05/12/2019,1.3195,1.3203,1.3159,1.3176
CAD,04/12/2019,1.3295,1.3305,1.3195,1.3195
CAD,03/12/2019,1.3299,1.3321,1.3283,1.3295
CAD,02/12/2019,1.3282,1.3307,1.3272,1.3299
CAD,29/11/2019,1.3283,1.3314,1.3273,1.3282
CAD,28/11/2019,1.3284,1.3299,1.3277,1.3283
CAD,27/11/2019,1.3277,1.329,1.326,1.3284
CAD,26/11/2019,1.331,1.3316,1.3275,1.3277
CAD,25/11/2019,1.3302,1.3319,1.3285,1.331
CAD,22/11/2019,1.3279,1.3302,1.3255,1.3302
CAD,21/11/2019,1.3324,1.3327,1.327,1.3279
CAD,20/11/2019,1.3234,1.3328,1.3233,1.3324
CAD,19/11/2019,1.3205,1.3242,1.3191,1.3234
CAD,18/11/2019,1.3225,1.3235,1.32,1.3205
CAD,15/11/2019,1.3256,1.3261,1.3217,1.3223
CAD,14/11/2019,1.3244,1.3271,1.3241,1.3256
CAD,13/11/2019,1.3229,1.3268,1.3217,1.3244
CAD,11/11/2019,1.3216,1.3258,1.3214,1.3229
CAD,08/11/2019,1.3177,1.3237,1.3172,1.3228
CAD,07/11/2019,1.319,1.3197,1.316,1.3177
CAD,06/11/2019,1.316,1.3193,1.3144,1.319
CAD,05/11/2019,1.3144,1.3178,1.3115,1.316
CAD,04/11/2019,1.3138,1.3161,1.313,1.3144
CAD,01/11/2019,1.3162,1.3196,1.3139,1.3142
CAD,31/10/2019,1.3173,1.3208,1.3136,1.3162
CAD,30/10/2019,1.3086,1.3186,1.3075,1.3173
CAD,29/10/2019,1.3055,1.3096,1.3042,1.3086
CAD,25/10/2019,1.3062,1.3078,1.305,1.3055
CAD,24/10/2019,1.3082,1.3093,1.3053,1.3082
CAD,23/10/2019,1.3083,1.3109,1.3079,1.3082
CAD,22/10/2019,1.309,1.3123,1.3071,1.3083
CAD,18/10/2019,1.3139,1.3142,1.3086,1.309
CAD,17/10/2019,1.3186,1.3212,1.3131,1.3138
CAD,16/10/2019,1.3199,1.323,1.3185,1.3186
CAD,15/10/2019,1.3229,1.324,1.3197,1.3199
CAD,14/10/2019,1.3199,1.3235,1.3192,1.3229
CAD,11/10/2019,1.3284,1.3301,1.3171,1.3203
CAD,10/10/2019,1.3328,1.3346,1.3269,1.3284
CAD,09/10/2019,1.3331,1.3335,1.3295,1.3328
CAD,07/10/2019,1.3312,1.3337,1.3288,1.3331
CAD,04/10/2019,1.3329,1.3345,1.3299,1.3314
CAD,03/10/2019,1.331,1.3348,1.3305,1.3329
CAD,01/10/2019,1.3219,1.3318,1.3206,1.331
CAD,30/09/2019,1.3272,1.3278,1.3214,1.3247
CAD,27/09/2019,1.3272,1.3278,1.3214,1.3247
CAD,26/09/2019,1.3268,1.3273,1.3232,1.3272
CAD,25/09/2019,1.3244,1.3288,1.3232,1.3268
CAD,24/09/2019,1.3274,1.3275,1.3235,1.3244
CAD,23/09/2019,1.3256,1.3305,1.3252,1.3274
CAD,20/09/2019,1.3249,1.3301,1.3242,1.3263
CAD,19/09/2019,1.3278,1.331,1.3247,1.3249
CAD,18/09/2019,1.324,1.3287,1.3234,1.3278
CAD,17/09/2019,1.3245,1.3299,1.3235,1.324
CAD,16/09/2019,1.3224,1.3271,1.3207,1.3245
CAD,13/09/2019,1.3224,1.3249,1.3207,1.3234
CAD,12/09/2019,1.3199,1.3218,1.3177,1.3204
CAD,11/09/2019,1.3139,1.3214,1.3137,1.3199
CAD,09/09/2019,1.3151,1.3192,1.3134,1.3139
CAD,06/09/2019,1.3235,1.3245,1.3158,1.3173
CAD,05/09/2019,1.3234,1.3246,1.3192,1.3235
CAD,04/09/2019,1.3327,1.3345,1.3232,1.3234
CAD,03/09/2019,1.332,1.3383,1.332,1.3327
CAD,30/08/2019,1.3314,1.3361,1.331,1.332
CAD,29/08/2019,1.3292,1.3319,1.3273,1.3301
CAD,28/08/2019,1.3284,1.3318,1.3275,1.3292
CAD,27/08/2019,1.3264,1.3286,1.3225,1.3284
CAD,26/08/2019,1.3291,1.332,1.3261,1.3264
CAD,23/08/2019,1.3293,1.3339,1.3277,1.3283
CAD,22/08/2019,1.3277,1.3315,1.3274,1.3293
CAD,21/08/2019,1.3323,1.3326,1.3256,1.3277
CAD,20/08/2019,1.3317,1.3346,1.3309,1.3323
CAD,19/08/2019,1.3273,1.3319,1.3251,1.3317
CAD,16/08/2019,1.3328,1.3336,1.3262,1.3269
CAD,13/08/2019,1.3232,1.3293,1.3185,1.3227
CAD,09/08/2019,1.322,1.325,1.3201,1.3232
CAD,08/08/2019,1.3331,1.3338,1.3228,1.3243
CAD,07/08/2019,1.3278,1.3345,1.3268,1.3331
CAD,06/08/2019,1.3186,1.3279,1.3184,1.3278
CAD,05/08/2019,1.3213,1.3247,1.3178,1.3186
CAD,02/08/2019,1.3186,1.3266,1.3183,1.3207
CAD,31/07/2019,1.317,1.3174,1.3106,1.3149
CAD,30/07/2019,1.3155,1.3192,1.315,1.317
CAD,29/07/2019,1.3167,1.3183,1.3149,1.3155
CAD,26/07/2019,1.3157,1.3199,1.3153,1.3166
CAD,25/07/2019,1.3134,1.3159,1.3116,1.3157
CAD,24/07/2019,1.3136,1.3147,1.3119,1.3134
CAD,23/07/2019,1.311,1.3164,1.3104,1.3136
CAD,22/07/2019,1.3066,1.312,1.3041,1.311
CAD,19/07/2019,1.3079,1.311,1.3016,1.3059
CAD,18/07/2019,1.3041,1.3095,1.304,1.3079
CAD,17/07/2019,1.3058,1.3094,1.3036,1.3041
CAD,16/07/2019,1.3038,1.3065,1.3023,1.3058
CAD,15/07/2019,1.304,1.3051,1.3021,1.3038
CAD,12/07/2019,1.3075,1.3089,1.3018,1.3028
CAD,11/07/2019,1.3089,1.3093,1.3042,1.3075
CAD,10/07/2019,1.3127,1.3144,1.307,1.3089
CAD,09/07/2019,1.3088,1.314,1.3083,1.3127
CAD,08/07/2019,1.3073,1.3099,1.3049,1.3088
CAD,05/07/2019,1.3064,1.3137,1.3045,1.3081
CAD,04/07/2019,1.307,1.3079,1.3038,1.3064
CAD,03/07/2019,1.3109,1.3119,1.3064,1.307
CAD,02/07/2019,1.3139,1.3145,1.3106,1.3109
CAD,28/06/2019,1.3102,1.3107,1.306,1.3095
CAD,27/06/2019,1.3116,1.3138,1.3101,1.3102
CAD,26/06/2019,1.3192,1.3209,1.3107,1.3116
CAD,25/06/2019,1.3188,1.3201,1.3153,1.3192
CAD,24/06/2019,1.3216,1.3221,1.3178,1.3188
CAD,21/06/2019,1.32,1.323,1.3162,1.3222
CAD,20/06/2019,1.3355,1.336,1.3151,1.32
CAD,19/06/2019,1.3379,1.3388,1.3337,1.3355
CAD,18/06/2019,1.3405,1.3432,1.3378,1.3379
CAD,17/06/2019,1.3405,1.3419,1.3393,1.3405
CAD,12/06/2019,1.3292,1.3314,1.3274,1.331
CAD,11/06/2019,1.3266,1.3309,1.325,1.3292
CAD,10/06/2019,1.3249,1.3281,1.3226,1.3266
CAD,07/06/2019,1.3368,1.3374,1.3262,1.3267
CAD,06/06/2019,1.3417,1.3431,1.3362,1.3368
CAD,04/06/2019,1.3408,1.3417,1.3363,1.3417
CAD,03/06/2019,1.3534,1.3535,1.3458,1.347
CAD,31/05/2019,1.3497,1.3565,1.3493,1.3516
CAD,30/05/2019,1.3519,1.3525,1.3486,1.3497
CAD,29/05/2019,1.3489,1.3547,1.3476,1.3519
CAD,28/05/2019,1.3443,1.3489,1.3434,1.3489
CAD,27/05/2019,1.3432,1.3453,1.343,1.3443
CAD,24/05/2019,1.3474,1.3487,1.3431,1.3437
CAD,23/05/2019,1.3428,1.3502,1.3422,1.3474
CAD,22/05/2019,1.3418,1.343,1.3358,1.3428
CAD,21/05/2019,1.3431,1.344,1.3396,1.3418
CAD,20/05/2019,1.3456,1.347,1.3416,1.3431
CAD,17/05/2019,1.3444,1.3514,1.3435,1.3458
CAD,16/05/2019,1.3439,1.345,1.3401,1.3444
CAD,15/05/2019,1.3471,1.3494,1.3427,1.3439
CAD,14/05/2019,1.3476,1.3488,1.3456,1.3471
CAD,13/05/2019,1.3418,1.3479,1.3411,1.3476
CAD,10/05/2019,1.348,1.3486,1.3381,1.3417
CAD,09/05/2019,1.3466,1.3505,1.3465,1.348
CAD,08/05/2019,1.3471,1.3489,1.3445,1.3466
CAD,07/05/2019,1.3453,1.3485,1.341,1.3471
CAD,06/05/2019,1.3434,1.3494,1.3428,1.3453
CAD,03/05/2019,1.3468,1.349,1.3407,1.342
CAD,02/05/2019,1.3427,1.3477,1.3393,1.3468
CAD,30/04/2019,1.3411,1.3432,1.3377,1.3427
CAD,26/04/2019,1.3457,1.348,1.344,1.3443
CAD,25/04/2019,1.3485,1.3517,1.3474,1.3494
CAD,24/04/2019,1.3432,1.3521,1.342,1.3485
CAD,23/04/2019,1.3343,1.3438,1.3336,1.3432
CAD,22/04/2019,1.3389,1.3393,1.3341,1.3343
CAD,18/04/2019,1.3388,1.3395,1.3366,1.3391
CAD,16/04/2019,1.336,1.3373,1.3275,1.3344
CAD,15/04/2019,1.3337,1.339,1.3297,1.3373
CAD,12/04/2019,1.3375,1.3389,1.3313,1.3323
CAD,11/04/2019,1.3312,1.3396,1.3306,1.3375
CAD,10/04/2019,1.3322,1.336,1.3311,1.3312
CAD,09/04/2019,1.3311,1.3329,1.3284,1.3322
CAD,08/04/2019,1.3387,1.339,1.3311,1.3311
CAD,05/04/2019,1.3353,1.3403,1.3347,1.3384
CAD,04/04/2019,1.3313,1.3373,1.3308,1.3353
CAD,03/04/2019,1.3361,1.3361,1.3296,1.3313
CAD,02/04/2019,1.3322,1.3374,1.3298,1.3361
CAD,29/03/2019,1.3352,1.3371,1.3322,1.3322
CAD,28/03/2019,1.3408,1.3449,1.3397,1.3428
CAD,27/03/2019,1.3378,1.344,1.3373,1.3408
CAD,26/03/2019,1.3418,1.3422,1.3372,1.3378
CAD,25/03/2019,1.3426,1.3445,1.34,1.3418
CAD,22/03/2019,1.3367,1.343,1.3352,1.3429
CAD,21/03/2019,1.332,1.34,1.3258,1.3367
CAD,19/03/2019,1.336,1.3366,1.3251,1.3308
CAD,18/03/2019,1.3335,1.3365,1.3302,1.336
CAD,15/03/2019,1.3331,1.3371,1.3289,1.3336
CAD,14/03/2019,1.3321,1.3347,1.3287,1.3331
CAD,13/03/2019,1.3376,1.338,1.3311,1.3321
CAD,11/03/2019,1.3415,1.344,1.3395,1.3413
CAD,08/03/2019,1.344,1.3468,1.3391,1.3416
CAD,07/03/2019,1.344,1.3447,1.3414,1.344
CAD,06/03/2019,1.3353,1.3457,1.3333,1.344
CAD,05/03/2019,1.3329,1.336,1.3302,1.3353
CAD,01/03/2019,1.3293,1.3338,1.3275,1.3329
CAD,28/02/2019,1.3145,1.3207,1.3141,1.316
CAD,27/02/2019,1.3181,1.3195,1.3118,1.3145
CAD,26/02/2019,1.3178,1.3236,1.3173,1.3181
CAD,25/02/2019,1.3143,1.3197,1.3113,1.3178
CAD,22/02/2019,1.3195,1.3242,1.3134,1.3135
CAD,21/02/2019,1.3164,1.3207,1.3154,1.3195
CAD,20/02/2019,1.3216,1.3219,1.315,1.3164
CAD,18/02/2019,1.323,1.3281,1.3215,1.3216
CAD,15/02/2019,1.3282,1.3313,1.3244,1.3244
CAD,14/02/2019,1.3236,1.334,1.3229,1.3282
CAD,13/02/2019,1.3241,1.3257,1.3196,1.3236
CAD,12/02/2019,1.3294,1.3315,1.324,1.3241
CAD,11/02/2019,1.3286,1.3319,1.3262,1.3294
CAD,08/02/2019,1.3312,1.3329,1.3233,1.3278
CAD,07/02/2019,1.319,1.3317,1.3189,1.3312
CAD,06/02/2019,1.3137,1.3208,1.3125,1.319
CAD,05/02/2019,1.3134,1.3153,1.3102,1.3137
CAD,01/02/2019,1.3146,1.3158,1.3069,1.3102
CAD,31/01/2019,1.32,1.321,1.3119,1.3146
CAD,30/01/2019,1.327,1.3285,1.3188,1.32
CAD,29/01/2019,1.326,1.3279,1.3242,1.327
CAD,28/01/2019,1.3218,1.3286,1.3203,1.326
CAD,25/01/2019,1.3356,1.3363,1.3215,1.3218
CAD,24/01/2019,1.3347,1.3375,1.333,1.3356
CAD,23/01/2019,1.3336,1.337,1.3305,1.3347
CAD,22/01/2019,1.33,1.3354,1.329,1.3336
CAD,21/01/2019,1.327,1.3318,1.3252,1.33
CAD,18/01/2019,1.3298,1.3303,1.3233,1.326
CAD,17/01/2019,1.3242,1.3319,1.3239,1.3298
CAD,16/01/2019,1.3282,1.3294,1.3235,1.3242
CAD,15/01/2019,1.3267,1.3285,1.3227,1.3282
CAD,14/01/2019,1.3263,1.3298,1.3253,1.3267
CAD,11/01/2019,1.3237,1.3279,1.3184,1.3267
CAD,10/01/2019,1.3211,1.3259,1.3199,1.3237
CAD,09/01/2019,1.3298,1.3303,1.318,1.3211
CAD,08/01/2019,1.3292,1.3323,1.3268,1.3298
CAD,07/01/2019,1.3378,1.3391,1.3286,1.3292
CAD,04/01/2019,1.3473,1.3496,1.3373,1.3374
CAD,03/01/2019,1.3581,1.3655,1.347,1.3473
CAD,02/01/2019,1.3636,1.3663,1.3569,1.3581
CAD,01/01/2019,1.3624,1.3698,1.3519,1.3635
CAD,31/12/2018,1.3633,1.3665,1.3609,1.3624
CAD,28/12/2018,1.3642,1.3661,1.3595,1.3638
CAD,27/12/2018,1.3596,1.3661,1.3567,1.3642
CAD,26/12/2018,1.3601,1.3628,1.3573,1.3596
CAD,24/12/2018,1.3603,1.364,1.3505,1.3602
CAD,21/12/2018,1.3519,1.3603,1.3486,1.3602
CAD,20/12/2018,1.3449,1.353,1.3439,1.3519
CAD,19/12/2018,1.3485,1.3497,1.3416,1.3449
CAD,18/12/2018,1.3401,1.349,1.3391,1.3485
CAD,17/12/2018,1.3381,1.3408,1.3373,1.3401
CAD,14/12/2018,1.335,1.3402,1.3339,1.3384
CAD,13/12/2018,1.3329,1.3384,1.3326,1.335
CAD,12/12/2018,1.3404,1.3414,1.3323,1.3329
CAD,11/12/2018,1.3389,1.3424,1.3379,1.3404
CAD,10/12/2018,1.3318,1.3405,1.3293,1.3389
CAD,07/12/2018,1.3391,1.34,1.3254,1.3322
CAD,06/12/2018,1.3365,1.3445,1.3354,1.3391
CAD,05/12/2018,1.3232,1.34,1.3231,1.3365
CAD,04/12/2018,1.3192,1.3239,1.3164,1.3232
CAD,03/12/2018,1.3258,1.3268,1.316,1.3192
CAD,30/11/2018,1.3274,1.3333,1.326,1.3292
CAD,29/11/2018,1.3276,1.3313,1.3242,1.3274
CAD,28/11/2018,1.3322,1.336,1.3259,1.3276
CAD,27/11/2018,1.3237,1.3328,1.3236,1.3322
CAD,26/11/2018,1.3234,1.3244,1.3187,1.3237
CAD,22/11/2018,1.32,1.3259,1.3183,1.3238
CAD,21/11/2018,1.3271,1.3318,1.3264,1.3271
CAD,19/11/2018,1.3161,1.3202,1.3142,1.3181
CAD,16/11/2018,1.3203,1.3208,1.3127,1.3148
CAD,15/11/2018,1.3247,1.3256,1.3189,1.3203
CAD,14/11/2018,1.3243,1.3264,1.3208,1.3247
CAD,13/11/2018,1.3212,1.326,1.3212,1.3243
CAD,12/11/2018,1.3196,1.3228,1.3183,1.3212
CAD,09/11/2018,1.3109,1.3233,1.3092,1.3212
CAD,06/11/2018,1.3102,1.3126,1.3088,1.3109
CAD,05/11/2018,1.3099,1.3116,1.3071,1.311
CAD,02/11/2018,1.3092,1.3119,1.3049,1.311
CAD,01/11/2018,1.3158,1.317,1.3069,1.3093
CAD,31/10/2018,1.3141,1.3165,1.3106,1.3158
CAD,30/10/2018,1.3121,1.3149,1.3101,1.3141
CAD,29/10/2018,1.3107,1.3134,1.3077,1.3121
CAD,26/10/2018,1.3082,1.3159,1.3066,1.3106
CAD,25/10/2018,1.299,1.3099,1.2989,1.3082
CAD,24/10/2018,1.3091,1.3103,1.297,1.299
CAD,23/10/2018,1.3117,1.3122,1.3083,1.3091
CAD,22/10/2018,1.3097,1.3126,1.308,1.3117
CAD,19/10/2018,1.306,1.3132,1.3028,1.3104
CAD,17/10/2018,1.3001,1.3065,1.2995,1.306
CAD,16/10/2018,1.2975,1.2999,1.2922,1.2923
CAD,15/10/2018,1.3023,1.3051,1.2955,1.2975
CAD,12/10/2018,1.3029,1.3054,1.3003,1.3024
CAD,11/10/2018,1.2996,1.3072,1.2993,1.3029
CAD,10/10/2018,1.296,1.3,1.2927,1.2996
CAD,09/10/2018,1.297,1.3004,1.2951,1.296
CAD,08/10/2018,1.2944,1.301,1.2936,1.297
CAD,05/10/2018,1.2944,1.301,1.2936,1.297
CAD,04/10/2018,1.2835,1.293,1.2821,1.2928
CAD,03/10/2018,1.2816,1.2844,1.2808,1.2835
CAD,01/10/2018,1.2805,1.2841,1.2783,1.2816
CAD,28/09/2018,1.3024,1.3049,1.2907,1.2908
CAD,27/09/2018,1.297,1.3082,1.2964,1.3024
CAD,26/09/2018,1.2946,1.2979,1.2945,1.297
CAD,25/09/2018,1.2946,1.2973,1.2936,1.2946
CAD,24/09/2018,1.2911,1.2956,1.2909,1.2946
CAD,21/09/2018,1.2911,1.2943,1.2886,1.2916
CAD,20/09/2018,1.2936,1.2942,1.2885,1.2911
CAD,18/09/2018,1.3011,1.3065,1.2976,1.2986
CAD,17/09/2018,1.3043,1.3049,1.3003,1.3011
CAD,14/09/2018,1.2995,1.3054,1.2983,1.3036
CAD,12/09/2018,1.2994,1.3026,1.2976,1.2995
CAD,11/09/2018,1.3159,1.3175,1.3124,1.3134
CAD,10/09/2018,1.3176,1.3198,1.3138,1.3159
CAD,07/09/2018,1.3208,1.321,1.3111,1.3161
CAD,06/09/2018,1.3195,1.3226,1.3164,1.3208
CAD,05/09/2018,1.3182,1.3206,1.316,1.3195
CAD,04/09/2018,1.3096,1.3208,1.309,1.3182
CAD,03/09/2018,1.3048,1.3103,1.3045,1.3096
CAD,31/08/2018,1.2984,1.3089,1.297,1.304
CAD,30/08/2018,1.2918,1.3,1.2903,1.2984
CAD,29/08/2018,1.2914,1.2962,1.2903,1.2918
CAD,28/08/2018,1.2961,1.2982,1.2888,1.2914
CAD,27/08/2018,1.3026,1.3067,1.2954,1.2961
CAD,24/08/2018,1.3061,1.3103,1.3011,1.3026
CAD,23/08/2018,1.3016,1.308,1.2987,1.3061
CAD,21/08/2018,1.3023,1.305,1.3007,1.3016
CAD,20/08/2018,1.3059,1.3093,1.3048,1.3058
CAD,16/08/2018,1.3161,1.3175,1.3052,1.3061
CAD,14/08/2018,1.3105,1.3175,1.3051,1.3143
CAD,13/08/2018,1.315,1.3177,1.3104,1.3149
CAD,10/08/2018,1.3053,1.3153,1.3034,1.314
CAD,09/08/2018,1.3074,1.3074,1.3001,1.3053
CAD,08/08/2018,1.3039,1.312,1.3035,1.3073
CAD,07/08/2018,1.3003,1.3043,1.2962,1.3039
CAD,06/08/2018,1.2992,1.304,1.2988,1.3003
CAD,03/08/2018,1.2998,1.3039,1.2968,1.2991
CAD,02/08/2018,1.3008,1.304,1.2984,1.2998
CAD,01/08/2018,1.3009,1.3033,1.2976,1.3008
CAD,31/07/2018,1.302,1.3096,1.2993,1.3009
CAD,30/07/2018,1.3054,1.3079,1.2995,1.302
CAD,27/07/2018,1.3063,1.3079,1.3042,1.3055
CAD,26/07/2018,1.3105,1.3107,1.3025,1.3063
CAD,25/07/2018,1.3162,1.3168,1.308,1.3105
CAD,24/07/2018,1.3156,1.3191,1.3136,1.3162
CAD,23/07/2018,1.314,1.3168,1.3115,1.3156
CAD,20/07/2018,1.3276,1.329,1.3115,1.3145
CAD,19/07/2018,1.3181,1.329,1.316,1.3276
CAD,18/07/2018,1.3214,1.326,1.3175,1.3181
CAD,17/07/2018,1.3133,1.3219,1.3111,1.3214
CAD,16/07/2018,1.3161,1.3165,1.311,1.3133
CAD,13/07/2018,1.3164,1.3209,1.315,1.316
CAD,11/07/2018,1.3128,1.3174,1.3065,1.3152
CAD,06/07/2018,1.3122,1.3153,1.3077,1.3084
CAD,05/07/2018,1.3131,1.316,1.3116,1.3122
CAD,04/07/2018,1.3166,1.3166,1.3112,1.3131
CAD,03/07/2018,1.3221,1.3221,1.3133,1.3166
CAD,02/07/2018,1.3153,1.3225,1.314,1.3221
CAD,29/06/2018,1.3254,1.3276,1.3131,1.3133
CAD,28/06/2018,1.3311,1.3386,1.3242,1.3254
CAD,27/06/2018,1.331,1.3327,1.3278,1.3311
CAD,26/06/2018,1.3317,1.3329,1.3281,1.331
CAD,25/06/2018,1.3276,1.3325,1.3265,1.3317
CAD,22/06/2018,1.3322,1.3382,1.3262,1.3269
CAD,21/06/2018,1.3305,1.3335,1.3285,1.3322
CAD,20/06/2018,1.3283,1.3311,1.3269,1.3305
CAD,19/06/2018,1.3231,1.3292,1.3193,1.3283
CAD,18/06/2018,1.319,1.3237,1.316,1.3231
CAD,15/06/2018,1.3077,1.3208,1.3076,1.3184
CAD,14/06/2018,1.2964,1.3082,1.295,1.3077
CAD,13/06/2018,1.2997,1.3047,1.2956,1.2964
CAD,12/06/2018,1.299,1.3019,1.2976,1.2997
CAD,11/06/2018,1.2971,1.3028,1.2956,1.299
CAD,08/06/2018,1.2976,1.3039,1.2922,1.2928
CAD,07/06/2018,1.2933,1.2995,1.2931,1.2976
CAD,06/06/2018,1.2993,1.2993,1.2859,1.2933
CAD,05/06/2018,1.2943,1.3067,1.2915,1.2993
CAD,04/06/2018,1.2949,1.2965,1.29,1.2943
CAD,01/06/2018,1.2956,1.3008,1.2932,1.2951
CAD,31/05/2018,1.2862,1.2991,1.2819,1.2956
CAD,30/05/2018,1.3026,1.304,1.2836,1.2862
CAD,29/05/2018,1.3007,1.3047,1.2969,1.3026
CAD,28/05/2018,1.2972,1.3022,1.296,1.3007
CAD,25/05/2018,1.289,1.2988,1.2871,1.2973
CAD,24/05/2018,1.2886,1.292,1.2826,1.289
CAD,23/05/2018,1.28,1.2916,1.28,1.2886
CAD,22/05/2018,1.2823,1.2823,1.2743,1.28
CAD,21/05/2018,1.288,1.2892,1.2805,1.2823
CAD,17/05/2018,1.2798,1.2822,1.275,1.2797
CAD,16/05/2018,1.2861,1.2877,1.2778,1.2798
CAD,15/05/2018,1.277,1.2925,1.2767,1.2861
CAD,14/05/2018,1.2783,1.2796,1.2751,1.277
CAD,11/05/2018,1.2776,1.28,1.273,1.2795
CAD,10/05/2018,1.2849,1.2862,1.2743,1.2776
CAD,09/05/2018,1.2959,1.2975,1.2833,1.2849
CAD,07/05/2018,1.2846,1.2891,1.284,1.2849
CAD,04/05/2018,1.285,1.2918,1.2836,1.2846
CAD,03/05/2018,1.2857,1.2909,1.2811,1.285
CAD,02/05/2018,1.2855,1.2886,1.2804,1.2857
CAD,27/04/2018,1.2825,1.2914,1.2816,1.2854
CAD,26/04/2018,1.2869,1.2883,1.2821,1.2863
CAD,25/04/2018,1.2828,1.2898,1.2817,1.2869
CAD,24/04/2018,1.284,1.2861,1.2813,1.2828
CAD,23/04/2018,1.2755,1.285,1.2747,1.284
CAD,20/04/2018,1.2645,1.2768,1.2633,1.2761
CAD,19/04/2018,1.2646,1.2659,1.2586,1.2645
CAD,18/04/2018,1.2533,1.266,1.2528,1.2646
CAD,17/04/2018,1.2575,1.2579,1.2529,1.2533
CAD,16/04/2018,1.26,1.2623,1.2571,1.2575
CAD,13/04/2018,1.2587,1.2618,1.2552,1.2608
CAD,12/04/2018,1.2573,1.2622,1.2562,1.2587
CAD,11/04/2018,1.2614,1.2624,1.2545,1.2573
CAD,10/04/2018,1.2706,1.2717,1.26,1.2614
CAD,09/04/2018,1.2773,1.2819,1.2688,1.2706
CAD,06/04/2018,1.2775,1.2796,1.2734,1.2782
CAD,05/04/2018,1.2794,1.2811,1.2746,1.2775
CAD,04/04/2018,1.2792,1.2848,1.2775,1.2794
CAD,03/04/2018,1.2915,1.2944,1.2782,1.2792
CAD,02/04/2018,1.2898,1.2931,1.2863,1.2915
CAD,30/03/2018,1.2883,1.2903,1.2815,1.2865
CAD,28/03/2018,1.2865,1.2933,1.2859,1.2892
CAD,27/03/2018,1.2883,1.2903,1.2815,1.2865
CAD,26/03/2018,1.2891,1.2922,1.2841,1.2883
CAD,23/03/2018,1.2903,1.2949,1.2824,1.2895
CAD,22/03/2018,1.2953,1.2971,1.283,1.2903
CAD,21/03/2018,1.3075,1.3087,1.2946,1.2953
CAD,20/03/2018,1.3064,1.3103,1.3053,1.3075
CAD,19/03/2018,1.3096,1.3125,1.3047,1.3064
CAD,16/03/2018,1.3043,1.3099,1.3043,1.3096
CAD,15/03/2018,1.2929,1.3065,1.2929,1.3043
CAD,14/03/2018,1.2937,1.2984,1.2921,1.2929
CAD,13/03/2018,1.2836,1.2947,1.2822,1.2937
CAD,12/03/2018,1.2825,1.2841,1.2803,1.2836
CAD,09/03/2018,1.2953,1.2959,1.281,1.2812
CAD,08/03/2018,1.2975,1.2988,1.2868,1.2953
CAD,07/03/2018,1.2898,1.3001,1.2876,1.2975
CAD,06/03/2018,1.2978,1.3001,1.2863,1.2898
CAD,05/03/2018,1.2875,1.2989,1.2868,1.2978
CAD,01/03/2018,1.2872,1.2916,1.2809,1.2882
CAD,28/02/2018,1.2737,1.2823,1.2732,1.2812
CAD,27/02/2018,1.2686,1.2762,1.2668,1.2737
CAD,26/02/2018,1.2643,1.2712,1.2615,1.2686
CAD,23/02/2018,1.2707,1.2726,1.2621,1.2633
CAD,22/02/2018,1.2666,1.2755,1.2626,1.2707
CAD,21/02/2018,1.2626,1.2683,1.2626,1.2666
CAD,20/02/2018,1.2559,1.2629,1.2557,1.2626
CAD,16/02/2018,1.2546,1.2592,1.2526,1.2559
CAD,15/02/2018,1.2553,1.2553,1.2466,1.2509
CAD,14/02/2018,1.2602,1.2649,1.2533,1.2553
CAD,12/02/2018,1.2613,1.2625,1.2567,1.2602
CAD,09/02/2018,1.2593,1.2685,1.2561,1.2581
CAD,08/02/2018,1.2568,1.2614,1.2547,1.2593
CAD,07/02/2018,1.2514,1.2575,1.2492,1.2568
CAD,06/02/2018,1.2489,1.2567,1.2486,1.2514
CAD,05/02/2018,1.2424,1.25,1.2398,1.2489
CAD,02/02/2018,1.2289,1.2436,1.2256,1.2429
CAD,01/02/2018,1.2317,1.2333,1.2269,1.2289
CAD,31/01/2018,1.233,1.2348,1.2251,1.2317
CAD,29/01/2018,1.2314,1.2361,1.2304,1.2336
CAD,25/01/2018,1.2321,1.2391,1.2293,1.2308
CAD,24/01/2018,1.2461,1.2461,1.2318,1.2364
CAD,23/01/2018,1.2461,1.2491,1.2431,1.2461
CAD,22/01/2018,1.2503,1.2518,1.2435,1.2461
CAD,19/01/2018,1.2439,1.2508,1.24,1.2493
CAD,18/01/2018,1.2404,1.2487,1.2372,1.2439
CAD,17/01/2018,1.2426,1.2521,1.2378,1.2404
CAD,16/01/2018,1.2413,1.2453,1.2397,1.2426
CAD,15/01/2018,1.2468,1.2474,1.2403,1.2413
CAD,12/01/2018,1.2527,1.2561,1.2458,1.2459
CAD,11/01/2018,1.2481,1.259,1.2481,1.2527
CAD,10/01/2018,1.2462,1.2494,1.2428,1.2481
CAD,09/01/2018,1.2423,1.2478,1.2398,1.2462
CAD,08/01/2018,1.2415,1.245,1.2379,1.2423
CAD,05/01/2018,1.2508,1.2516,1.2356,1.2412
CAD,04/01/2018,1.2537,1.2555,1.2505,1.2508
CAD,03/01/2018,1.2508,1.2547,1.25,1.2537
CAD,02/01/2018,1.2574,1.2577,1.25,1.2508
CAD,01/01/2018,1.2592,1.2594,1.2515,1.2571
CAD,28/12/2017,1.2643,1.2661,1.258,1.2592
CAD,27/12/2017,1.2695,1.2697,1.2628,1.2643
CAD,26/12/2017,1.2731,1.2765,1.2678,1.2695
CAD,22/12/2017,1.2721,1.2796,1.2658,1.273
CAD,20/12/2017,1.2886,1.2896,1.2819,1.2841
CAD,19/12/2017,1.2854,1.292,1.2851,1.2886
CAD,18/12/2017,1.2875,1.2881,1.2843,1.2854
CAD,15/12/2017,1.2783,1.2895,1.2714,1.2866
CAD,14/12/2017,1.2866,1.2875,1.2782,1.2783
CAD,12/12/2017,1.2854,1.2892,1.2813,1.2881
CAD,11/12/2017,1.2856,1.2869,1.2831,1.2854
CAD,08/12/2017,1.2822,1.288,1.2806,1.2848
CAD,07/12/2017,1.279,1.2868,1.2786,1.2822
CAD,06/12/2017,1.2701,1.2807,1.2653,1.279
CAD,05/12/2017,1.2702,1.2708,1.2624,1.2701
CAD,04/12/2017,1.2696,1.2727,1.2657,1.2702
CAD,30/11/2017,1.2901,1.2906,1.2684,1.2685
CAD,29/11/2017,1.2806,1.2874,1.28,1.2859
CAD,28/11/2017,1.2767,1.2825,1.2755,1.2806
CAD,27/11/2017,1.2719,1.2769,1.268,1.2767
CAD,24/11/2017,1.2713,1.2748,1.2694,1.2712
CAD,23/11/2017,1.2729,1.2737,1.2673,1.2713
CAD,22/11/2017,1.2772,1.2788,1.2716,1.2729
CAD,21/11/2017,1.2788,1.2837,1.2749,1.2772
CAD,20/11/2017,1.2766,1.2808,1.275,1.2788
CAD,17/11/2017,1.274,1.2824,1.2714,1.2763
CAD,15/11/2017,1.2741,1.2789,1.2713,1.278
CAD,14/11/2017,1.2726,1.2773,1.2701,1.2741
CAD,13/11/2017,1.2685,1.2742,1.2668,1.2726
CAD,10/11/2017,1.2679,1.2696,1.2666,1.2682
CAD,09/11/2017,1.2727,1.2741,1.2673,1.2679
CAD,08/11/2017,1.2783,1.2801,1.2716,1.2727
CAD,07/11/2017,1.2728,1.282,1.2703,1.2783
CAD,06/11/2017,1.2768,1.2783,1.2723,1.2728
CAD,03/11/2017,1.2679,1.2696,1.2666,1.2682
CAD,02/11/2017,1.2882,1.2889,1.2806,1.2814
CAD,31/10/2017,1.2837,1.2915,1.2819,1.2898
CAD,30/10/2017,1.2815,1.2861,1.2812,1.2837
CAD,27/10/2017,1.2841,1.2917,1.2808,1.2808
CAD,26/10/2017,1.2803,1.2848,1.2782,1.2841
CAD,25/10/2017,1.2678,1.2817,1.264,1.2803
CAD,24/10/2017,1.2643,1.2682,1.2622,1.2678
CAD,23/10/2017,1.2473,1.263,1.2468,1.2627
CAD,18/10/2017,1.2473,1.263,1.2468,1.2627
CAD,17/10/2017,1.2525,1.2591,1.2513,1.2556
CAD,16/10/2017,1.2477,1.2558,1.247,1.2525
CAD,13/10/2017,1.2477,1.249,1.2471,1.2483
CAD,12/10/2017,1.25,1.2505,1.2433,1.2484
CAD,11/10/2017,1.2496,1.2531,1.2488,1.25
CAD,10/10/2017,1.2538,1.2555,1.2484,1.2496
CAD,09/10/2017,1.2533,1.2559,1.2526,1.2538
CAD,06/10/2017,1.2556,1.2598,1.2526,1.2529
CAD,05/10/2017,1.2482,1.2557,1.2462,1.2556
CAD,04/10/2017,1.2489,1.2499,1.2449,1.2482
CAD,03/10/2017,1.2512,1.2539,1.2483,1.2489
CAD,29/09/2017,1.2473,1.2525,1.2468,1.2512
CAD,28/09/2017,1.2425,1.2519,1.2417,1.2438
CAD,27/09/2017,1.2384,1.2432,1.2331,1.2425
CAD,26/09/2017,1.2346,1.2413,1.2345,1.2384
CAD,25/09/2017,1.2337,1.2369,1.2313,1.2346
CAD,22/09/2017,1.2329,1.2351,1.2256,1.2339
CAD,21/09/2017,1.2256,1.239,1.22,1.2329
CAD,20/09/2017,1.2277,1.2302,1.2236,1.2256
CAD,19/09/2017,1.2233,1.2338,1.2223,1.2277
CAD,18/09/2017,1.2189,1.2246,1.2172,1.2233
CAD,15/09/2017,1.2203,1.2218,1.2122,1.2198
CAD,14/09/2017,1.2216,1.2239,1.2161,1.2203
CAD,13/09/2017,1.2163,1.222,1.2131,1.2216
CAD,12/09/2017,1.2126,1.2181,1.2083,1.2163
CAD,11/09/2017,1.216,1.217,1.2098,1.2126
CAD,08/09/2017,1.2145,1.2165,1.2062,1.2159
CAD,07/09/2017,1.2229,1.2244,1.2119,1.2145
CAD,06/09/2017,1.2373,1.2415,1.2146,1.2229
CAD,05/09/2017,1.2408,1.2418,1.2336,1.2373
CAD,04/09/2017,1.2397,1.2429,1.2376,1.2408
CAD,01/09/2017,1.2526,1.2527,1.2341,1.2394
CAD,31/08/2017,1.2616,1.2663,1.251,1.2526
CAD,30/08/2017,1.2526,1.2637,1.2501,1.2616
CAD,29/08/2017,1.2493,1.2539,1.2442,1.2526
CAD,28/08/2017,1.2472,1.2502,1.2444,1.2493
CAD,24/08/2017,1.2526,1.254,1.2466,1.2481
CAD,23/08/2017,1.2565,1.2598,1.2551,1.2562
CAD,22/08/2017,1.2574,1.2595,1.2526,1.2565
CAD,21/08/2017,1.2575,1.2607,1.2565,1.2574
CAD,18/08/2017,1.2654,1.2691,1.2557,1.2585
CAD,16/08/2017,1.2711,1.2712,1.2589,1.2654
CAD,14/08/2017,1.2706,1.2778,1.2701,1.2756
CAD,11/08/2017,1.272,1.2753,1.2653,1.2677
CAD,10/08/2017,1.2703,1.2735,1.2673,1.272
CAD,09/08/2017,1.2676,1.2721,1.2656,1.2703
CAD,08/08/2017,1.268,1.2705,1.2651,1.2676
CAD,07/08/2017,1.2641,1.2715,1.263,1.268
CAD,04/08/2017,1.2567,1.2668,1.2556,1.2645
CAD,03/08/2017,1.2545,1.2619,1.2539,1.2567
CAD,02/08/2017,1.2533,1.2593,1.2522,1.2545
CAD,01/08/2017,1.2488,1.2547,1.2446,1.2533
CAD,31/07/2017,1.2442,1.2529,1.2433,1.2488
CAD,28/07/2017,1.2522,1.2576,1.242,1.2433
CAD,27/07/2017,1.2511,1.2546,1.2414,1.2522
CAD,26/07/2017,1.2504,1.2544,1.2495,1.2511
CAD,25/07/2017,1.2517,1.2533,1.2481,1.2504
CAD,24/07/2017,1.2539,1.2574,1.2484,1.2517
CAD,21/07/2017,1.2581,1.2609,1.2522,1.2539
CAD,20/07/2017,1.2598,1.2641,1.2541,1.2581
CAD,19/07/2017,1.2654,1.2657,1.2578,1.2598
CAD,18/07/2017,1.2679,1.2701,1.2581,1.2654
CAD,17/07/2017,1.2645,1.2689,1.2628,1.2679
CAD,14/07/2017,1.2737,1.2747,1.2644,1.2644
CAD,13/07/2017,1.2723,1.2771,1.2681,1.2737
CAD,12/07/2017,1.2929,1.2939,1.2696,1.2723
CAD,11/07/2017,1.2882,1.2944,1.2871,1.2929
CAD,10/07/2017,1.2884,1.2933,1.2872,1.2882
CAD,07/07/2017,1.2944,1.2994,1.286,1.2876
CAD,06/07/2017,1.2985,1.2989,1.2923,1.2944
CAD,05/07/2017,1.2999,1.3014,1.2913,1.2933
CAD,04/07/2017,1.2999,1.3014,1.2913,1.2933
CAD,03/07/2017,1.2968,1.3007,1.2965,1.2999
CAD,30/06/2017,1.3025,1.3031,1.2947,1.2964
CAD,29/06/2017,1.3049,1.3055,1.2987,1.3025
CAD,28/06/2017,1.3195,1.3204,1.3035,1.3049
CAD,27/06/2017,1.3244,1.3261,1.3174,1.3195
CAD,23/06/2017,1.3267,1.3278,1.3212,1.3244
CAD,22/06/2017,1.3336,1.3348,1.3208,1.3238
CAD,21/06/2017,1.327,1.3345,1.325,1.3336
CAD,20/06/2017,1.3219,1.3285,1.3204,1.327
CAD,19/06/2017,1.3219,1.3258,1.3191,1.3219
CAD,16/06/2017,1.3287,1.3292,1.321,1.3213
CAD,15/06/2017,1.3212,1.3308,1.3184,1.3287
CAD,14/06/2017,1.3238,1.3246,1.3165,1.3212
CAD,13/06/2017,1.3465,1.3466,1.3212,1.3238
CAD,12/06/2017,1.3455,1.347,1.343,1.3465
CAD,09/06/2017,1.3501,1.354,1.3423,1.347
CAD,08/06/2017,1.3513,1.3523,1.3485,1.3501
CAD,07/06/2017,1.3455,1.3526,1.3427,1.3513
CAD,06/06/2017,1.3476,1.3487,1.3443,1.3455
CAD,05/06/2017,1.3496,1.3501,1.3462,1.3476
CAD,02/06/2017,1.3499,1.3547,1.3481,1.3487
CAD,01/06/2017,1.3514,1.3523,1.3472,1.3499
CAD,31/05/2017,1.3466,1.3523,1.3437,1.3514
CAD,30/05/2017,1.3443,1.3506,1.3443,1.3466
CAD,29/05/2017,1.3466,1.3497,1.3433,1.3446
CAD,26/05/2017,1.3466,1.3497,1.3433,1.3446
CAD,25/05/2017,1.3469,1.3475,1.3388,1.3466
CAD,24/05/2017,1.3508,1.354,1.3431,1.3469
CAD,23/05/2017,1.3509,1.3516,1.3456,1.3508
CAD,22/05/2017,1.3518,1.3541,1.3485,1.3509
CAD,19/05/2017,1.3598,1.3633,1.3509,1.3511
CAD,18/05/2017,1.3611,1.3669,1.3582,1.3598
CAD,17/05/2017,1.3589,1.3642,1.3572,1.3611
CAD,16/05/2017,1.3646,1.3659,1.3583,1.3589
CAD,15/05/2017,1.3703,1.3723,1.3602,1.3646
CAD,12/05/2017,1.3703,1.3742,1.3666,1.371
CAD,11/05/2017,1.3659,1.377,1.3648,1.3703
CAD,09/05/2017,1.3743,1.3753,1.3649,1.3659
CAD,08/05/2017,1.3665,1.3734,1.3644,1.3712
CAD,05/05/2017,1.3736,1.3793,1.3643,1.3652
CAD,04/05/2017,1.3717,1.3752,1.368,1.3736
CAD,03/05/2017,1.3731,1.374,1.3685,1.3717
CAD,02/05/2017,1.3664,1.3758,1.365,1.3731
CAD,28/04/2017,1.3657,1.3687,1.3637,1.3664
CAD,27/04/2017,1.361,1.3671,1.353,1.3631
CAD,26/04/2017,1.3603,1.3619,1.3543,1.361
CAD,25/04/2017,1.3515,1.3626,1.3498,1.3603
CAD,24/04/2017,1.3488,1.3521,1.3411,1.3515
CAD,21/04/2017,1.3481,1.3525,1.3458,1.3498
CAD,20/04/2017,1.3465,1.35,1.3457,1.3481
CAD,19/04/2017,1.3393,1.3475,1.3374,1.3465
CAD,18/04/2017,1.3293,1.34,1.3285,1.3393
CAD,17/04/2017,1.3319,1.3326,1.3262,1.3293
CAD,13/04/2017,1.3287,1.3338,1.3285,1.3325
CAD,12/04/2017,1.3326,1.334,1.3254,1.3307
CAD,11/04/2017,1.3342,1.3357,1.331,1.3326
CAD,10/04/2017,1.3402,1.3426,1.3341,1.3342
CAD,07/04/2017,1.3414,1.3431,1.3342,1.3398
CAD,06/04/2017,1.3423,1.3451,1.3398,1.3414
CAD,05/04/2017,1.3414,1.3428,1.3379,1.3423
CAD,03/04/2017,1.3389,1.3456,1.3374,1.3414
CAD,31/03/2017,1.3294,1.3368,1.3285,1.3318
CAD,30/03/2017,1.3371,1.3371,1.3278,1.3294
CAD,29/03/2017,1.3367,1.3401,1.3356,1.3371
CAD,28/03/2017,1.3368,1.3414,1.3355,1.3367
CAD,27/03/2017,1.3371,1.3403,1.3321,1.3368
CAD,24/03/2017,1.3336,1.3386,1.3335,1.3378
CAD,23/03/2017,1.3335,1.3355,1.3316,1.3336
CAD,22/03/2017,1.3347,1.3409,1.3325,1.3335
CAD,21/03/2017,1.3355,1.3366,1.3265,1.3347
CAD,20/03/2017,1.3335,1.3373,1.3304,1.3355
CAD,17/03/2017,1.3329,1.3377,1.3304,1.335
CAD,16/03/2017,1.3465,1.3466,1.3277,1.3329
CAD,15/03/2017,1.3488,1.3494,1.3434,1.3465
CAD,14/03/2017,1.3439,1.3495,1.3439,1.3488
CAD,10/03/2017,1.3465,1.3476,1.3431,1.3439
CAD,09/03/2017,1.3493,1.3535,1.3483,1.3512
CAD,08/03/2017,1.3423,1.3436,1.3384,1.3414
CAD,07/03/2017,1.3423,1.3436,1.3384,1.3414
CAD,03/03/2017,1.3393,1.3437,1.3372,1.338
CAD,02/03/2017,1.3333,1.3397,1.3324,1.3393
CAD,01/03/2017,1.3278,1.3358,1.327,1.3333
CAD,28/02/2017,1.3116,1.3284,1.3115,1.3278
CAD,27/02/2017,1.3094,1.3123,1.3084,1.3116
CAD,23/02/2017,1.3112,1.3121,1.3057,1.3091
CAD,22/02/2017,1.3155,1.321,1.311,1.3188
CAD,20/02/2017,1.3098,1.3164,1.3097,1.3155
CAD,17/02/2017,1.3053,1.3126,1.3044,1.3096
CAD,16/02/2017,1.3087,1.3092,1.301,1.3053
CAD,15/02/2017,1.308,1.312,1.3056,1.3087
CAD,14/02/2017,1.3079,1.3107,1.3025,1.308
CAD,13/02/2017,1.3095,1.3121,1.3067,1.3079
CAD,10/02/2017,1.3116,1.3158,1.3063,1.3083
CAD,09/02/2017,1.316,1.3172,1.3095,1.3116
CAD,08/02/2017,1.3177,1.32,1.3139,1.316
CAD,07/02/2017,1.3115,1.3212,1.3075,1.3177
CAD,06/02/2017,1.3038,1.3135,1.3007,1.3115
CAD,03/02/2017,1.3026,1.3076,1.2993,1.3023
CAD,02/02/2017,1.3096,1.3102,1.2981,1.3026
CAD,01/02/2017,1.3038,1.3097,1.301,1.3096
CAD,31/01/2017,1.3098,1.3126,1.2969,1.3038
CAD,30/01/2017,1.3135,1.3169,1.3077,1.3098
CAD,27/01/2017,1.3135,1.3141,1.3122,1.3129
CAD,25/01/2017,1.3066,1.3131,1.3054,1.3094
CAD,23/01/2017,1.3325,1.3335,1.3268,1.3269
CAD,20/01/2017,1.3334,1.3388,1.3285,1.332
CAD,19/01/2017,1.322,1.3353,1.3208,1.3334
CAD,18/01/2017,1.3054,1.3236,1.3038,1.322
CAD,17/01/2017,1.3156,1.3189,1.3019,1.3054
CAD,16/01/2017,1.3124,1.3176,1.3104,1.3156
CAD,13/01/2017,1.3125,1.3168,1.3113,1.3114
CAD,12/01/2017,1.3189,1.3194,1.303,1.3125
CAD,11/01/2017,1.3208,1.3294,1.3184,1.3189
CAD,10/01/2017,1.3211,1.3257,1.3192,1.3208
CAD,09/01/2017,1.3258,1.3277,1.3197,1.3211
CAD,06/01/2017,1.3223,1.3268,1.3178,1.3237
CAD,05/01/2017,1.3299,1.3332,1.3192,1.3223
CAD,04/01/2017,1.3428,1.3457,1.3282,1.3299
CAD,03/01/2017,1.3433,1.3461,1.3399,1.3428
CAD,02/01/2017,1.3432,1.3455,1.3388,1.3433
CAD,29/12/2016,1.3574,1.3575,1.3481,1.3513
CAD,28/12/2016,1.3558,1.3599,1.3555,1.3574
CAD,27/12/2016,1.3507,1.3559,1.3506,1.3558
CAD,26/12/2016,1.3528,1.3544,1.3476,1.3507
CAD,23/12/2016,1.3492,1.3557,1.348,1.3533
CAD,22/12/2016,1.3412,1.352,1.3398,1.3492
CAD,21/12/2016,1.3367,1.3412,1.3358,1.3412
CAD,20/12/2016,1.3393,1.3434,1.336,1.3367
CAD,19/12/2016,1.3338,1.3405,1.3318,1.3393
CAD,16/12/2016,1.3359,1.3393,1.3319,1.3336
CAD,15/12/2016,1.3144,1.3417,1.3143,1.3359
CAD,14/12/2016,1.3119,1.3148,1.3082,1.3144
CAD,13/12/2016,1.3122,1.3147,1.3103,1.3119
CAD,12/12/2016,1.3154,1.3181,1.3109,1.3122
CAD,09/12/2016,1.322,1.322,1.3153,1.3179
CAD,08/12/2016,1.3245,1.3251,1.3196,1.322
CAD,07/12/2016,1.3283,1.3297,1.3233,1.3245
CAD,06/12/2016,1.3237,1.3311,1.3236,1.3283
CAD,05/12/2016,1.3294,1.3356,1.3237,1.3237
CAD,02/12/2016,1.3327,1.3332,1.3256,1.3292
CAD,01/12/2016,1.3409,1.344,1.3316,1.3327
CAD,30/11/2016,1.3429,1.3463,1.3357,1.3409
CAD,29/11/2016,1.3404,1.3481,1.34,1.3429
CAD,28/11/2016,1.3513,1.3537,1.3397,1.3404
CAD,25/11/2016,1.3496,1.3534,1.3454,1.3519
CAD,24/11/2016,1.3484,1.3536,1.3471,1.3496
CAD,23/11/2016,1.3464,1.3517,1.3424,1.3484
CAD,22/11/2016,1.3421,1.3466,1.3378,1.3464
CAD,21/11/2016,1.35,1.3514,1.3387,1.3421
CAD,18/11/2016,1.3476,1.3565,1.3476,1.3505
CAD,17/11/2016,1.3413,1.3489,1.34,1.3476
CAD,16/11/2016,1.3469,1.3506,1.3405,1.3413
CAD,15/11/2016,1.3571,1.3577,1.345,1.3469
CAD,11/11/2016,1.3525,1.3589,1.3495,1.3571
CAD,10/11/2016,1.3419,1.3509,1.3367,1.3449
CAD,09/11/2016,1.3332,1.3525,1.3265,1.3419
CAD,07/11/2016,1.3405,1.3418,1.3304,1.3383
CAD,04/11/2016,1.3513,1.3515,1.3401,1.3441
CAD,03/11/2016,1.3379,1.3402,1.3362,1.3395
CAD,02/11/2016,1.3382,1.3424,1.336,1.3379
CAD,01/11/2016,1.3405,1.3426,1.3354,1.3382
CAD,28/10/2016,1.3388,1.343,1.3349,1.3405
CAD,26/10/2016,1.3332,1.3381,1.3315,1.3363
CAD,25/10/2016,1.3389,1.3398,1.3278,1.3332
CAD,24/10/2016,1.3334,1.3398,1.3286,1.3286
CAD,21/10/2016,1.3334,1.3379,1.3318,1.3353
CAD,20/10/2016,1.3118,1.3217,1.3112,1.3198
CAD,19/10/2016,1.3108,1.3129,1.3006,1.3118
CAD,18/10/2016,1.3131,1.314,1.3055,1.3108
CAD,17/10/2016,1.3139,1.3183,1.3106,1.3131
CAD,14/10/2016,1.3213,1.3221,1.3103,1.3139
CAD,13/10/2016,1.3241,1.3307,1.3204,1.3213
CAD,10/10/2016,1.3236,1.3288,1.3209,1.3241
CAD,07/10/2016,1.3208,1.3313,1.3186,1.3296
CAD,06/10/2016,1.317,1.3249,1.3161,1.3208
CAD,05/10/2016,1.3207,1.3232,1.3163,1.317
CAD,04/10/2016,1.3115,1.3213,1.3093,1.3207
CAD,03/10/2016,1.3115,1.3144,1.3068,1.3115
CAD,30/09/2016,1.3129,1.3195,1.3087,1.3127
CAD,29/09/2016,1.3217,1.3225,1.3048,1.3129
CAD,27/09/2016,1.3207,1.3281,1.3164,1.3213
CAD,26/09/2016,1.3175,1.3216,1.3137,1.3207
CAD,23/09/2016,1.3175,1.3181,1.3149,1.3164
CAD,22/09/2016,1.3194,1.3237,1.3,1.3055
CAD,21/09/2016,1.3236,1.3237,1.3139,1.3194
CAD,20/09/2016,1.32,1.3243,1.3188,1.3236
CAD,19/09/2016,1.3211,1.3226,1.3136,1.32
CAD,16/09/2016,1.3151,1.3248,1.3131,1.3212
CAD,15/09/2016,1.3193,1.3236,1.3132,1.3151
CAD,14/09/2016,1.3176,1.3209,1.3128,1.3193
CAD,12/09/2016,1.2926,1.2942,1.2899,1.2931
CAD,09/09/2016,1.2923,1.3053,1.2907,1.3049
CAD,08/09/2016,1.2898,1.2935,1.2851,1.2923
CAD,07/09/2016,1.2842,1.2914,1.2823,1.2898
CAD,06/09/2016,1.2928,1.2933,1.2827,1.2844
CAD,02/09/2016,1.2993,1.3001,1.2907,1.2928
CAD,01/09/2016,1.3126,1.3148,1.3083,1.3108
CAD,31/08/2016,1.3069,1.3146,1.3062,1.3126
CAD,30/08/2016,1.3031,1.309,1.3004,1.3069
CAD,29/08/2016,1.2997,1.3048,1.2975,1.3031
CAD,26/08/2016,1.2997,1.3025,1.2975,1.3001
CAD,25/08/2016,1.2926,1.2942,1.2899,1.2931
CAD,24/08/2016,1.29,1.2958,1.2897,1.2926
CAD,23/08/2016,1.2948,1.2965,1.2859,1.29
CAD,22/08/2016,1.2869,1.2959,1.2861,1.2948
CAD,19/08/2016,1.2786,1.2892,1.2764,1.2871
CAD,18/08/2016,1.2875,1.29,1.2768,1.2786
CAD,16/08/2016,1.2852,1.2918,1.2838,1.2875
CAD,12/08/2016,1.2955,1.2976,1.2902,1.2919
CAD,11/08/2016,1.3046,1.308,1.2964,1.2974
CAD,10/08/2016,1.3127,1.3148,1.2991,1.3046
CAD,09/08/2016,1.3157,1.319,1.311,1.3127
CAD,08/08/2016,1.318,1.319,1.3137,1.3157
CAD,05/08/2016,1.3004,1.32,1.3003,1.3172
CAD,04/08/2016,1.3067,1.3091,1.2997,1.3004
CAD,03/08/2016,1.3113,1.3148,1.3063,1.3067
CAD,02/08/2016,1.3095,1.3142,1.3005,1.3113
CAD,01/08/2016,1.3059,1.3113,1.3027,1.3095
CAD,29/07/2016,1.3182,1.3187,1.3002,1.303
CAD,28/07/2016,1.3214,1.3253,1.3102,1.3182
CAD,27/07/2016,1.3209,1.3225,1.3158,1.3214
CAD,26/07/2016,1.3139,1.3242,1.3124,1.321
CAD,25/07/2016,1.3139,1.3242,1.3124,1.321
CAD,22/07/2016,1.3061,1.3185,1.3056,1.3127
CAD,21/07/2016,1.3047,1.3077,1.3025,1.3061
CAD,20/07/2016,1.3032,1.3096,1.3014,1.3047
CAD,19/07/2016,1.2974,1.3054,1.2927,1.3032
CAD,18/07/2016,1.2949,1.3022,1.2928,1.2974
CAD,15/07/2016,1.2875,1.2988,1.2862,1.2974
CAD,14/07/2016,1.2966,1.2988,1.2863,1.2875
CAD,13/07/2016,1.2991,1.3084,1.2936,1.2966
CAD,12/07/2016,1.313,1.3134,1.2982,1.2991
CAD,11/07/2016,1.3047,1.314,1.303,1.313
CAD,08/07/2016,1.2995,1.309,1.2989,1.3044
CAD,07/07/2016,1.2987,1.2998,1.2877,1.2995
CAD,06/07/2016,1.2942,1.3056,1.294,1.2987
CAD,04/07/2016,1.2916,1.2926,1.2832,1.2855
CAD,01/07/2016,1.2979,1.3004,1.2866,1.2912
CAD,30/06/2016,1.2992,1.3016,1.2915,1.2979
CAD,29/06/2016,1.3085,1.312,1.2967,1.3079
CAD,28/06/2016,1.3085,1.312,1.2967,1.3079
CAD,27/06/2016,1.2977,1.312,1.2952,1.3085
CAD,24/06/2016,1.2784,1.3099,1.2714,1.3004
CAD,23/06/2016,1.2794,1.2853,1.2679,1.2784
CAD,22/06/2016,1.2811,1.2838,1.2742,1.2794
CAD,21/06/2016,1.2806,1.283,1.2763,1.2811
CAD,20/06/2016,1.2868,1.2889,1.2773,1.2806
CAD,17/06/2016,1.2966,1.2974,1.283,1.2894
CAD,16/06/2016,1.2931,1.3086,1.2868,1.2966
CAD,15/06/2016,1.2857,1.2943,1.2826,1.2931
CAD,14/06/2016,1.2771,1.2873,1.2766,1.2857
CAD,13/06/2016,1.2745,1.2827,1.2726,1.2771
CAD,09/06/2016,1.2708,1.2767,1.2671,1.2728
CAD,08/06/2016,1.2795,1.2797,1.2655,1.2708
CAD,07/06/2016,1.2844,1.2846,1.276,1.2795
CAD,06/06/2016,1.2946,1.2983,1.2825,1.2844
CAD,03/06/2016,1.3082,1.3119,1.2916,1.2937
CAD,02/06/2016,1.3098,1.3144,1.3056,1.3082
CAD,01/06/2016,1.3098,1.3134,1.3043,1.3098
CAD,31/05/2016,1.3048,1.3103,1.3017,1.3098
CAD,30/05/2016,1.3018,1.3095,1.3006,1.3048
CAD,27/05/2016,1.2994,1.3068,1.2959,1.3021
CAD,26/05/2016,1.3081,1.3085,1.2911,1.2994
CAD,25/05/2016,1.3129,1.3166,1.3052,1.3081
CAD,24/05/2016,1.3133,1.3188,1.3086,1.3129
CAD,23/05/2016,1.3136,1.3174,1.3099,1.3133
CAD,20/05/2016,1.3113,1.3162,1.3077,1.3113
CAD,19/05/2016,1.2915,1.3154,1.2895,1.3113
CAD,18/05/2016,1.2903,1.2994,1.2893,1.2915
CAD,17/05/2016,1.2887,1.2955,1.2838,1.2903
CAD,16/05/2016,1.2927,1.2963,1.2875,1.2887
CAD,13/05/2016,1.2827,1.2958,1.2815,1.294
CAD,11/05/2016,1.2952,1.2957,1.2831,1.2848
CAD,10/05/2016,1.3001,1.3015,1.2918,1.2952
CAD,09/05/2016,1.2933,1.3006,1.2906,1.3001
CAD,06/05/2016,1.2843,1.2952,1.2836,1.2909
CAD,05/05/2016,1.2874,1.2885,1.2786,1.2843
CAD,04/05/2016,1.2689,1.2886,1.2672,1.2874
CAD,03/05/2016,1.2526,1.2701,1.2461,1.2689
CAD,02/05/2016,1.2568,1.2571,1.2513,1.2526
CAD,29/04/2016,1.2548,1.2587,1.2499,1.2556
CAD,28/04/2016,1.2636,1.2694,1.2528,1.2548
CAD,27/04/2016,1.2629,1.2657,1.2572,1.2636
CAD,26/04/2016,1.2682,1.2693,1.2607,1.2629
CAD,25/04/2016,1.2681,1.2717,1.2652,1.2682
CAD,22/04/2016,1.272,1.2758,1.2623,1.2672
CAD,21/04/2016,1.2626,1.2723,1.2609,1.272
CAD,20/04/2016,1.2671,1.273,1.2593,1.2626
CAD,19/04/2016,1.2804,1.2823,1.2631,1.2671
CAD,18/04/2016,1.2933,1.299,1.2802,1.2804
CAD,15/04/2016,1.2836,1.2903,1.2797,1.2822
CAD,14/04/2016,1.28,1.2897,1.2782,1.2836
CAD,13/04/2016,1.2794,1.2828,1.2745,1.28
CAD,12/04/2016,1.2898,1.2921,1.2786,1.2794
CAD,11/04/2016,1.2986,1.3016,1.2891,1.2898
CAD,08/04/2016,1.317,1.3174,1.2952,1.2988
CAD,07/04/2016,1.3102,1.3181,1.3019,1.317
CAD,06/04/2016,1.3172,1.3187,1.3063,1.3102
CAD,05/04/2016,1.304,1.3219,1.3035,1.3172
CAD,04/04/2016,1.3031,1.3083,1.3003,1.304
CAD,01/04/2016,1.2976,1.3147,1.2963,1.3011
CAD,31/03/2016,1.2983,1.3011,1.2858,1.2976
CAD,30/03/2016,1.3109,1.3118,1.2912,1.2983
CAD,29/03/2016,1.3189,1.3216,1.3074,1.3109
CAD,28/03/2016,1.3273,1.3285,1.3182,1.3189
CAD,25/03/2016,1.324,1.3285,1.3227,1.327
CAD,24/03/2016,1.3194,1.3296,1.3188,1.324
CAD,23/03/2016,1.3054,1.3216,1.3029,1.3194
CAD,22/03/2016,1.3074,1.3139,1.3032,1.3054
CAD,21/03/2016,1.3003,1.3092,1.2988,1.3074
CAD,18/03/2016,1.3004,1.3043,1.2924,1.3004
CAD,17/03/2016,1.3337,1.3338,1.2946,1.3004
CAD,16/03/2016,1.3351,1.3405,1.3335,1.3337
CAD,15/03/2016,1.3286,1.3402,1.3257,1.3351
CAD,14/03/2016,1.3215,1.3308,1.3209,1.3286
CAD,11/03/2016,1.3388,1.3392,1.3168,1.3209
CAD,10/03/2016,1.3245,1.3398,1.3232,1.3388
CAD,09/03/2016,1.3384,1.3446,1.3229,1.3245
CAD,08/03/2016,1.3268,1.3412,1.3262,1.3384
CAD,07/03/2016,1.3325,1.3377,1.3262,1.3268
CAD,04/03/2016,1.3402,1.3471,1.3313,1.3317
CAD,03/03/2016,1.3446,1.3473,1.3372,1.3402
CAD,02/03/2016,1.3426,1.3499,1.3386,1.3446
CAD,01/03/2016,1.3533,1.3552,1.3402,1.3426
CAD,29/02/2016,1.3528,1.3587,1.3482,1.3533
CAD,26/02/2016,1.357,1.3579,1.3505,1.3513
CAD,25/02/2016,1.3747,1.3749,1.3565,1.357
CAD,24/02/2016,1.3781,1.3859,1.3737,1.3747
CAD,23/02/2016,1.3687,1.3821,1.3686,1.3781
CAD,22/02/2016,1.3774,1.3813,1.3662,1.3687
CAD,19/02/2016,1.3722,1.3847,1.3709,1.3766
CAD,18/02/2016,1.3692,1.3749,1.3654,1.3722
CAD,17/02/2016,1.3854,1.3899,1.3668,1.3692
CAD,16/02/2016,1.3827,1.3912,1.3707,1.3854
CAD,15/02/2016,1.3852,1.3867,1.3798,1.3827
CAD,12/02/2016,1.395,1.4016,1.3813,1.385
CAD,11/02/2016,1.3948,1.4013,1.3883,1.3951
CAD,10/02/2016,1.3828,1.3999,1.3821,1.3948
CAD,09/02/2016,1.3908,1.396,1.3787,1.3828
CAD,08/02/2016,1.3903,1.3978,1.3841,1.3908
CAD,05/02/2016,1.3726,1.3919,1.371,1.3917
CAD,04/02/2016,1.3831,1.3832,1.364,1.3726
CAD,03/02/2016,1.4027,1.4103,1.3828,1.3831
CAD,02/02/2016,1.4007,1.4082,1.3909,1.4027
CAD,01/02/2016,1.3997,1.4062,1.3967,1.4007
CAD,29/01/2016,1.4045,1.4109,1.3968,1.3976
CAD,28/01/2016,1.4059,1.4148,1.3948,1.4045
CAD,27/01/2016,1.4064,1.4157,1.4028,1.4059
CAD,26/01/2016,1.4236,1.4326,1.4045,1.4064
CAD,25/01/2016,1.4128,1.4269,1.4118,1.4236
CAD,22/01/2016,1.4293,1.4326,1.4115,1.4119
CAD,21/01/2016,1.4577,1.4585,1.4228,1.4293
CAD,20/01/2016,1.4523,1.469,1.4492,1.4577
CAD,19/01/2016,1.4536,1.4584,1.4432,1.4523
CAD,18/01/2016,1.453,1.466,1.4487,1.4536
CAD,15/01/2016,1.4371,1.4554,1.4344,1.4541
CAD,14/01/2016,1.4299,1.4397,1.4298,1.4371
CAD,13/01/2016,1.4292,1.4306,1.4188,1.4299
CAD,12/01/2016,1.4235,1.4315,1.4177,1.4292
CAD,11/01/2016,1.4165,1.4246,1.4065,1.4235
CAD,08/01/2016,1.406,1.4178,1.4058,1.4172
CAD,07/01/2016,1.4092,1.417,1.4051,1.406
CAD,06/01/2016,1.4001,1.4109,1.3974,1.4092
CAD,05/01/2016,1.396,1.4019,1.3898,1.4001
CAD,04/01/2016,1.3848,1.3983,1.3815,1.396
CAD,01/01/2016,1.3828,1.3856,1.3822,1.3855
CAD,31/12/2015,1.3889,1.3903,1.3823,1.3828
CAD,30/12/2015,1.3836,1.3927,1.3816,1.3889
CAD,29/12/2015,1.3902,1.394,1.3827,1.3836
CAD,28/12/2015,1.3835,1.3916,1.3804,1.3902
CAD,25/12/2015,1.3853,1.386,1.3802,1.3824
CAD,24/12/2015,1.3848,1.3874,1.3819,1.3853
CAD,23/12/2015,1.3936,1.3946,1.3836,1.3848
CAD,22/12/2015,1.3977,1.3981,1.3916,1.3936
CAD,21/12/2015,1.3941,1.3994,1.3913,1.3977
CAD,18/12/2015,1.3955,1.4001,1.3855,1.3957
CAD,17/12/2015,1.3788,1.3987,1.3742,1.3955
CAD,16/12/2015,1.3702,1.3848,1.3702,1.3788
CAD,15/12/2015,1.3738,1.3766,1.3673,1.3702
CAD,14/12/2015,1.3741,1.3781,1.3677,1.3738
CAD,11/12/2015,1.3613,1.3758,1.3606,1.3756
CAD,10/12/2015,1.36,1.3629,1.3532,1.3613
CAD,09/12/2015,1.3588,1.362,1.3517,1.36
CAD,08/12/2015,1.3521,1.3622,1.3497,1.3588
CAD,07/12/2015,1.3363,1.3523,1.3363,1.3521
CAD,04/12/2015,1.3377,1.3416,1.3318,1.3362
CAD,03/12/2015,1.3363,1.34,1.3294,1.3377
CAD,02/12/2015,1.3377,1.3408,1.3309,1.3363
CAD,01/12/2015,1.3352,1.3397,1.331,1.3377
CAD,30/11/2015,1.3368,1.3393,1.3312,1.3352
CAD,27/11/2015,1.3289,1.3377,1.3287,1.3371
CAD,26/11/2015,1.3303,1.3324,1.3285,1.3289
CAD,25/11/2015,1.3305,1.3339,1.328,1.3303
CAD,24/11/2015,1.3355,1.3382,1.3285,1.3305
CAD,23/11/2015,1.3337,1.3436,1.3326,1.3355
CAD,20/11/2015,1.3286,1.3356,1.3271,1.3346
CAD,19/11/2015,1.336,1.3369,1.3247,1.3286
CAD,18/11/2015,1.3313,1.3366,1.3298,1.336
CAD,17/11/2015,1.334,1.3346,1.3298,1.3313
CAD,16/11/2015,1.3325,1.3371,1.329,1.334
CAD,13/11/2015,1.3308,1.3349,1.3267,1.3323
CAD,12/11/2015,1.3279,1.3341,1.3225,1.3308
CAD,11/11/2015,1.3248,1.3284,1.3233,1.3279
CAD,10/11/2015,1.3279,1.3297,1.3245,1.3248
CAD,09/11/2015,1.3301,1.331,1.3246,1.3279
CAD,06/11/2015,1.3158,1.3318,1.3151,1.3306
CAD,05/11/2015,1.3169,1.3192,1.3141,1.3158
CAD,04/11/2015,1.3069,1.3176,1.3038,1.3169
CAD,03/11/2015,1.3099,1.3165,1.3067,1.3069
CAD,02/11/2015,1.3078,1.3116,1.3065,1.3099
CAD,30/10/2015,1.3162,1.3193,1.3056,1.308
CAD,29/10/2015,1.3108,1.3238,1.3099,1.3162
CAD,28/10/2015,1.3257,1.328,1.309,1.3108
CAD,27/10/2015,1.3141,1.3269,1.3138,1.3257
CAD,26/10/2015,1.3174,1.3201,1.3121,1.3141
CAD,23/10/2015,1.3099,1.3198,1.304,1.3166
CAD,22/10/2015,1.3114,1.3159,1.3084,1.3099
CAD,21/10/2015,1.2975,1.312,1.2969,1.3114
CAD,20/10/2015,1.3004,1.3047,1.2936,1.2975
CAD,19/10/2015,1.2915,1.3014,1.2895,1.3004
CAD,16/10/2015,1.2858,1.2939,1.2832,1.2914
CAD,15/10/2015,1.297,1.2978,1.2853,1.2858
CAD,14/10/2015,1.3004,1.3039,1.2962,1.297
CAD,13/10/2015,1.2966,1.308,1.2957,1.3003
CAD,12/10/2015,1.2955,1.2975,1.2902,1.2966
CAD,09/10/2015,1.3022,1.3024,1.2901,1.2945
CAD,08/10/2015,1.3047,1.3074,1.3006,1.3022
CAD,07/10/2015,1.3041,1.3065,1.2972,1.3047
CAD,06/10/2015,1.31,1.3134,1.3037,1.3041
CAD,05/10/2015,1.3171,1.3177,1.3065,1.31
CAD,02/10/2015,1.3266,1.3275,1.3151,1.3152
CAD,01/10/2015,1.3397,1.3397,1.3219,1.3266
CAD,30/09/2015,1.3453,1.3453,1.3373,1.3397
CAD,29/09/2015,1.3349,1.3457,1.3348,1.3453
CAD,28/09/2015,1.333,1.3379,1.3314,1.3349
CAD,25/09/2015,1.3354,1.336,1.3292,1.3337
CAD,24/09/2015,1.3343,1.3417,1.3307,1.3354
CAD,23/09/2015,1.3276,1.3357,1.3233,1.3343
CAD,22/09/2015,1.3253,1.3298,1.3219,1.3276
CAD,21/09/2015,1.3213,1.3257,1.3176,1.3253
CAD,18/09/2015,1.3195,1.323,1.3013,1.3226
CAD,17/09/2015,1.3174,1.3206,1.3162,1.3195
CAD,16/09/2015,1.326,1.3269,1.3161,1.3174
CAD,15/09/2015,1.3272,1.328,1.3227,1.326
CAD,14/09/2015,1.3258,1.3273,1.3225,1.3272
CAD,11/09/2015,1.3217,1.331,1.3176,1.3264
CAD,10/09/2015,1.3226,1.3288,1.3186,1.3217
CAD,09/09/2015,1.3224,1.3264,1.3155,1.3226
CAD,08/09/2015,1.3307,1.3309,1.3185,1.3224
CAD,07/09/2015,1.3265,1.331,1.3245,1.3307
CAD,04/09/2015,1.3192,1.3289,1.3164,1.3282
CAD,03/09/2015,1.3269,1.3295,1.3137,1.3192
CAD,02/09/2015,1.3176,1.3324,1.3164,1.3269
CAD,01/09/2015,1.3211,1.3234,1.3117,1.3176
CAD,31/08/2015,1.3205,1.3327,1.3196,1.3211
CAD,28/08/2015,1.3197,1.33,1.3167,1.32
CAD,27/08/2015,1.3313,1.3344,1.3179,1.3197
CAD,26/08/2015,1.3315,1.3354,1.3251,1.3313
CAD,25/08/2015,1.3196,1.3326,1.3144,1.3315
CAD,24/08/2015,1.3183,1.3289,1.3147,1.3196
CAD,21/08/2015,1.3095,1.3194,1.3061,1.3189
CAD,20/08/2015,1.3168,1.3178,1.3052,1.3095
CAD,19/08/2015,1.3069,1.3173,1.3025,1.3168
CAD,18/08/2015,1.3084,1.3127,1.306,1.3069
CAD,17/08/2015,1.3089,1.3152,1.3083,1.3084
CAD,14/08/2015,1.3074,1.3097,1.3017,1.3088
CAD,13/08/2015,1.2972,1.3091,1.296,1.3074
CAD,12/08/2015,1.313,1.3158,1.2952,1.2972
CAD,11/08/2015,1.3015,1.315,1.2992,1.313
CAD,10/08/2015,1.3128,1.3182,1.3007,1.3015
CAD,07/08/2015,1.3131,1.3184,1.3049,1.3131
CAD,06/08/2015,1.3187,1.3197,1.3129,1.3131
CAD,05/08/2015,1.3128,1.3213,1.311,1.3187
CAD,04/08/2015,1.3152,1.3177,1.3106,1.3128
CAD,03/08/2015,1.3096,1.3176,1.308,1.3152
CAD,31/07/2015,1.3004,1.3094,1.2941,1.3091
CAD,30/07/2015,1.2897,1.3044,1.2862,1.3004
CAD,29/07/2015,1.2932,1.2967,1.2868,1.2897
CAD,28/07/2015,1.3034,1.3047,1.2914,1.2932
CAD,27/07/2015,1.3047,1.3057,1.2979,1.3034
CAD,24/07/2015,1.3028,1.3103,1.3008,1.3049
CAD,23/07/2015,1.3017,1.3048,1.2949,1.3028
CAD,22/07/2015,1.2932,1.3053,1.293,1.3017
CAD,21/07/2015,1.299,1.3013,1.2917,1.2932
CAD,20/07/2015,1.2983,1.3024,1.2953,1.299
CAD,17/07/2015,1.295,1.3008,1.2936,1.2972
CAD,16/07/2015,1.2945,1.2959,1.2906,1.295
CAD,15/07/2015,1.2744,1.2958,1.2723,1.2945
CAD,14/07/2015,1.2743,1.2805,1.2718,1.2744
CAD,13/07/2015,1.2671,1.279,1.2661,1.2743
CAD,10/07/2015,1.2722,1.2753,1.2657,1.2658
CAD,09/07/2015,1.2751,1.2759,1.2667,1.2722
CAD,08/07/2015,1.2752,1.2768,1.2676,1.2751
CAD,07/07/2015,1.2625,1.278,1.2624,1.2752
CAD,06/07/2015,1.2556,1.2661,1.2555,1.2625
CAD,03/07/2015,1.2547,1.2603,1.2538,1.2574
CAD,02/07/2015,1.2564,1.2633,1.2546,1.2547
CAD,01/07/2015,1.2483,1.2571,1.2476,1.2564
CAD,30/06/2015,1.2391,1.25,1.2363,1.2483
CAD,29/06/2015,1.2342,1.2413,1.2304,1.2391
CAD,26/06/2015,1.2347,1.2397,1.2312,1.2321
CAD,25/06/2015,1.2391,1.24,1.2331,1.2347
CAD,24/06/2015,1.2333,1.2423,1.2277,1.2391
CAD,23/06/2015,1.2312,1.2383,1.2306,1.2333
CAD,22/06/2015,1.2259,1.2329,1.2218,1.2312
CAD,19/06/2015,1.2228,1.2296,1.2216,1.2267
CAD,18/06/2015,1.2316,1.235,1.2128,1.2228
CAD,17/06/2015,1.2338,1.2341,1.2284,1.2316
CAD,16/06/2015,1.2307,1.2346,1.2298,1.2338
CAD,15/06/2015,1.2326,1.236,1.2305,1.2306
CAD,12/06/2015,1.2322,1.2347,1.227,1.2322
CAD,11/06/2015,1.228,1.2354,1.2254,1.2322
CAD,10/06/2015,1.233,1.2352,1.2203,1.228
CAD,09/06/2015,1.2437,1.2442,1.2308,1.233
CAD,08/06/2015,1.2438,1.2473,1.2397,1.2437
CAD,05/06/2015,1.2474,1.2563,1.2429,1.2444
CAD,04/06/2015,1.2453,1.2503,1.2437,1.2474
CAD,03/06/2015,1.2386,1.2509,1.2377,1.2453
CAD,02/06/2015,1.2551,1.2554,1.2368,1.2386
CAD,01/06/2015,1.2434,1.2563,1.2432,1.2551
CAD,29/05/2015,1.2462,1.2527,1.2411,1.2454
CAD,28/05/2015,1.2489,1.2538,1.2439,1.2462
CAD,27/05/2015,1.2431,1.2492,1.2396,1.2489
CAD,26/05/2015,1.2312,1.2448,1.2305,1.2431
CAD,25/05/2015,1.2285,1.2318,1.2276,1.2312
CAD,22/05/2015,1.2198,1.2322,1.2173,1.2279
CAD,21/05/2015,1.2205,1.2242,1.2169,1.2198
CAD,20/05/2015,1.2226,1.2256,1.2196,1.2205
CAD,19/05/2015,1.2144,1.225,1.213,1.2226
CAD,18/05/2015,1.2006,1.2163,1.2005,1.2144
CAD,15/05/2015,1.2002,1.2067,1.198,1.2014
CAD,14/05/2015,1.1937,1.2006,1.192,1.2002
CAD,13/05/2015,1.198,1.2028,1.1929,1.1937
CAD,12/05/2015,1.2104,1.2111,1.198,1.198
CAD,11/05/2015,1.2076,1.2144,1.2065,1.2104
CAD,08/05/2015,1.2151,1.2163,1.2046,1.2071
CAD,07/05/2015,1.2033,1.2158,1.2029,1.2151
CAD,06/05/2015,1.2038,1.2088,1.1941,1.2033
CAD,05/05/2015,1.211,1.2132,1.2003,1.2038
CAD,04/05/2015,1.2164,1.2181,1.2091,1.211
CAD,01/05/2015,1.2091,1.2205,1.2057,1.2159
CAD,30/04/2015,1.1974,1.2132,1.1966,1.2091
CAD,29/04/2015,1.2025,1.2074,1.1945,1.1974
CAD,28/04/2015,1.2102,1.2117,1.2015,1.2025
CAD,27/04/2015,1.2192,1.2195,1.2081,1.2102
CAD,24/04/2015,1.2133,1.2187,1.2103,1.2174
CAD,23/04/2015,1.2235,1.2269,1.2124,1.2133
CAD,22/04/2015,1.2281,1.2306,1.2211,1.2235
CAD,21/04/2015,1.2223,1.2297,1.2214,1.2281
CAD,20/04/2015,1.2251,1.226,1.218,1.2223
CAD,17/04/2015,1.221,1.2271,1.2088,1.2246
CAD,16/04/2015,1.2364,1.2368,1.2201,1.221
CAD,15/04/2015,1.249,1.257,1.2358,1.2364
CAD,14/04/2015,1.2595,1.2603,1.2445,1.249
CAD,13/04/2015,1.2574,1.2646,1.2558,1.2595
CAD,10/04/2015,1.2571,1.2667,1.2564,1.2566
CAD,09/04/2015,1.2508,1.2614,1.2505,1.2571
CAD,08/04/2015,1.2488,1.2547,1.2388,1.2508
CAD,07/04/2015,1.245,1.2522,1.245,1.2488
CAD,06/04/2015,1.2479,1.2497,1.2438,1.245
CAD,03/04/2015,1.2583,1.2603,1.243,1.2484
CAD,02/04/2015,1.2595,1.2656,1.2558,1.2583
CAD,01/04/2015,1.2678,1.271,1.2577,1.2595
CAD,31/03/2015,1.2694,1.2784,1.2659,1.2678
CAD,30/03/2015,1.2609,1.2706,1.2596,1.2694
CAD,27/03/2015,1.2489,1.2622,1.2467,1.2609
CAD,26/03/2015,1.2516,1.2533,1.241,1.2489
CAD,25/03/2015,1.249,1.254,1.2474,1.2516
CAD,24/03/2015,1.2512,1.2546,1.2428,1.249
CAD,23/03/2015,1.2565,1.2616,1.2501,1.2512
CAD,20/03/2015,1.2747,1.2758,1.2545,1.2552
CAD,19/03/2015,1.2733,1.2754,1.245,1.2747
CAD,18/03/2015,1.2769,1.2835,1.2708,1.2733
CAD,17/03/2015,1.2767,1.2794,1.2749,1.2769
CAD,16/03/2015,1.2789,1.2818,1.2735,1.2767
CAD,13/03/2015,1.2699,1.2824,1.2682,1.2783
CAD,12/03/2015,1.2774,1.2776,1.2617,1.2699
CAD,11/03/2015,1.2657,1.2797,1.2652,1.2774
CAD,10/03/2015,1.2598,1.2683,1.2588,1.2657
CAD,09/03/2015,1.2617,1.2627,1.2573,1.2598
CAD,06/03/2015,1.2496,1.2627,1.2456,1.2624
CAD,05/03/2015,1.2427,1.25,1.2407,1.2496
CAD,04/03/2015,1.2461,1.2542,1.2418,1.2427
CAD,03/03/2015,1.2539,1.2544,1.2433,1.2461
CAD,02/03/2015,1.248,1.2566,1.2477,1.2539
CAD,27/02/2015,1.2504,1.2535,1.2449,1.2515
CAD,26/02/2015,1.2436,1.2531,1.2388,1.2504
CAD,25/02/2015,1.2609,1.2618,1.2401,1.2436
CAD,24/02/2015,1.2586,1.2664,1.254,1.2609
CAD,23/02/2015,1.2529,1.2624,1.2522,1.2586
CAD,20/02/2015,1.2494,1.2565,1.2422,1.2531
CAD,19/02/2015,1.2443,1.2556,1.2389,1.2494
CAD,18/02/2015,1.2397,1.2466,1.2372,1.2443
CAD,17/02/2015,1.2475,1.249,1.2363,1.2397
CAD,16/02/2015,1.2448,1.2484,1.2421,1.2475
CAD,13/02/2015,1.2492,1.2537,1.2422,1.2448
CAD,12/02/2015,1.2636,1.2663,1.2438,1.2492
CAD,11/02/2015,1.2557,1.2698,1.2555,1.2636
CAD,10/02/2015,1.2465,1.2575,1.2431,1.2557
CAD,09/02/2015,1.2535,1.2545,1.2429,1.2465
CAD,06/02/2015,1.2433,1.2546,1.2379,1.2527
CAD,05/02/2015,1.2562,1.259,1.2409,1.2433
CAD,04/02/2015,1.2433,1.2592,1.2352,1.2562
CAD,03/02/2015,1.258,1.2644,1.241,1.2433
CAD,02/02/2015,1.2722,1.2773,1.2558,1.258
CAD,30/01/2015,1.265,1.2799,1.2605,1.2732
CAD,29/01/2015,1.2451,1.2677,1.2426,1.265
CAD,28/01/2015,1.241,1.2462,1.2385,1.2451
CAD,27/01/2015,1.2426,1.2501,1.238,1.241
CAD,26/01/2015,1.2434,1.2476,1.2405,1.2426
CAD,23/01/2015,1.238,1.2456,1.2361,1.242
CAD,22/01/2015,1.2365,1.2389,1.2314,1.238
CAD,21/01/2015,1.2093,1.2394,1.2063,1.2365
CAD,20/01/2015,1.1959,1.2112,1.1935,1.2093
CAD,19/01/2015,1.1971,1.1986,1.1949,1.1959
CAD,16/01/2015,1.1928,1.2047,1.1924,1.1984
CAD,15/01/2015,1.1969,1.2001,1.1803,1.1928
CAD,14/01/2015,1.1947,1.2017,1.1929,1.1969
CAD,13/01/2015,1.1937,1.1993,1.1926,1.1947
CAD,12/01/2015,1.1863,1.1941,1.1836,1.1937
CAD,09/01/2015,1.1817,1.189,1.1805,1.1867
CAD,08/01/2015,1.1852,1.1874,1.1797,1.1817
CAD,07/01/2015,1.1814,1.1868,1.1809,1.1852
CAD,06/01/2015,1.1785,1.1814,1.1731,1.1814
CAD,05/01/2015,1.1778,1.1844,1.1762,1.1785
CAD,02/01/2015,1.1625,1.1786,1.1599,1.1785
CAD,01/01/2015,1.1615,1.1628,1.1595,1.1622
CAD,31/12/2014,1.1611,1.1628,1.1565,1.1621
CAD,30/12/2014,1.1637,1.1651,1.1597,1.1611
CAD,29/12/2014,1.1616,1.1648,1.1605,1.1637
CAD,26/12/2014,1.1625,1.1631,1.1604,1.1627
CAD,24/12/2014,1.1624,1.1631,1.1612,1.1625
CAD,23/12/2014,1.1628,1.1667,1.1599,1.1617
CAD,22/12/2014,1.1607,1.1646,1.1578,1.1628
CAD,19/12/2014,1.1576,1.1634,1.1568,1.16
CAD,18/12/2014,1.163,1.1648,1.157,1.1576
CAD,17/12/2014,1.1627,1.1672,1.1561,1.163
CAD,16/12/2014,1.1672,1.1672,1.1607,1.1627
CAD,15/12/2014,1.1581,1.1674,1.1549,1.1672
CAD,12/12/2014,1.1521,1.1591,1.1516,1.1581
CAD,11/12/2014,1.1482,1.155,1.1449,1.1521
CAD,10/12/2014,1.1446,1.1502,1.1436,1.1482
CAD,09/12/2014,1.148,1.1501,1.1398,1.1446
CAD,08/12/2014,1.1442,1.1486,1.1427,1.148
CAD,05/12/2014,1.1384,1.1476,1.1381,1.1435
CAD,04/12/2014,1.1365,1.1397,1.134,1.1384
CAD,03/12/2014,1.1407,1.1418,1.1347,1.1365
CAD,02/12/2014,1.1329,1.1424,1.1319,1.1407
CAD,01/12/2014,1.142,1.1459,1.1314,1.1329
CAD,28/11/2014,1.1331,1.1444,1.1328,1.1416
CAD,27/11/2014,1.1247,1.1355,1.1235,1.1331
CAD,26/11/2014,1.1258,1.1297,1.1228,1.1247
CAD,25/11/2014,1.1279,1.1317,1.1233,1.1258
CAD,24/11/2014,1.1238,1.1312,1.1225,1.1279
CAD,21/11/2014,1.1305,1.1326,1.1192,1.1233
CAD,20/11/2014,1.1341,1.1369,1.1293,1.1305
CAD,19/11/2014,1.1296,1.1359,1.1295,1.1341
CAD,18/11/2014,1.1308,1.1324,1.126,1.1296
CAD,17/11/2014,1.1286,1.1328,1.1269,1.1308
CAD,14/11/2014,1.1367,1.1393,1.1264,1.1287
CAD,12/11/2014,1.1336,1.1359,1.1281,1.1319
CAD,11/11/2014,1.1381,1.1402,1.1318,1.1336
CAD,10/11/2014,1.1333,1.1385,1.13,1.1381
CAD,07/11/2014,1.1423,1.1449,1.1312,1.1329
CAD,06/11/2014,1.1386,1.1444,1.1379,1.1423
CAD,04/11/2014,1.1359,1.1427,1.134,1.141
CAD,31/10/2014,1.1184,1.1333,1.1182,1.1266
CAD,30/10/2014,1.1183,1.1223,1.1166,1.1184
CAD,29/10/2014,1.1166,1.1225,1.1122,1.1183
CAD,28/10/2014,1.1247,1.1253,1.1166,1.1166
CAD,27/10/2014,1.1236,1.1255,1.1213,1.1247
CAD,22/10/2014,1.123,1.1243,1.1195,1.1231
CAD,21/10/2014,1.1285,1.1296,1.1203,1.1221
CAD,20/10/2014,1.1291,1.1293,1.1252,1.1285
CAD,17/10/2014,1.1258,1.1283,1.1211,1.1277
CAD,16/10/2014,1.1255,1.1361,1.1227,1.1258
CAD,14/10/2014,1.1297,1.1385,1.1227,1.1255
CAD,13/10/2014,1.1172,1.122,1.117,1.1199
CAD,10/10/2014,1.1185,1.1222,1.1161,1.1199
CAD,09/10/2014,1.1107,1.1189,1.1082,1.1185
CAD,08/10/2014,1.1175,1.121,1.1094,1.1107
CAD,07/10/2014,1.1132,1.1196,1.1129,1.1175
CAD,06/10/2014,1.1253,1.1265,1.1112,1.1132
CAD,03/10/2014,1.1157,1.1271,1.1156,1.1244
CAD,01/10/2014,1.1157,1.1271,1.1156,1.1244
CAD,30/09/2014,1.1164,1.122,1.1135,1.1198
CAD,29/09/2014,1.1151,1.1178,1.1132,1.1164
CAD,26/09/2014,1.111,1.1169,1.1093,1.1154
CAD,25/09/2014,1.1058,1.1128,1.1057,1.111
CAD,24/09/2014,1.1078,1.1122,1.1053,1.1058
CAD,23/09/2014,1.1044,1.1084,1.0986,1.1078
CAD,22/09/2014,1.0955,1.1044,1.0927,1.1044
CAD,19/09/2014,1.0934,1.098,1.0887,1.0963
CAD,18/09/2014,1.0998,1.1024,1.0929,1.0934
CAD,17/09/2014,1.097,1.1021,1.0927,1.0998
CAD,16/09/2014,1.1055,1.1072,1.0966,1.097
CAD,15/09/2014,1.1091,1.1099,1.1036,1.1055
CAD,12/09/2014,1.1035,1.1098,1.1029,1.1093
CAD,11/09/2014,1.0938,1.1059,1.0936,1.1035
CAD,10/09/2014,1.0974,1.1032,1.0965,1.0984
CAD,09/09/2014,1.0974,1.1032,1.0965,1.0984
CAD,08/09/2014,1.0882,1.0983,1.0876,1.0974
CAD,05/09/2014,1.1035,1.1098,1.1029,1.1093
CAD,04/09/2014,1.0888,1.091,1.0821,1.0875
CAD,03/09/2014,1.0929,1.0943,1.0871,1.0888
CAD,02/09/2014,1.0871,1.0935,1.0867,1.0929
CAD,01/09/2014,1.0869,1.0878,1.0857,1.0871
CAD,28/08/2014,1.0861,1.0879,1.0811,1.0878
CAD,27/08/2014,1.0952,1.0956,1.0829,1.0865
CAD,26/08/2014,1.0984,1.0998,1.0941,1.0952
CAD,25/08/2014,1.0956,1.0986,1.0943,1.0984
CAD,22/08/2014,1.0941,1.098,1.0928,1.0943
CAD,21/08/2014,1.097,1.0986,1.094,1.0941
CAD,20/08/2014,1.0942,1.0974,1.0932,1.097
CAD,19/08/2014,1.0887,1.0949,1.0886,1.0942
CAD,18/08/2014,1.0896,1.0899,1.0876,1.0887
CAD,14/08/2014,1.0887,1.0949,1.0886,1.0942
CAD,13/08/2014,1.0925,1.094,1.0907,1.0914
CAD,12/08/2014,1.0921,1.0953,1.0914,1.0925
CAD,11/08/2014,1.0972,1.0977,1.0919,1.0921
CAD,08/08/2014,1.0926,1.0984,1.091,1.0973
CAD,07/08/2014,1.0916,1.0938,1.0904,1.0926
CAD,06/08/2014,1.0961,1.0986,1.0913,1.0916
CAD,05/08/2014,1.0906,1.0977,1.0905,1.0961
CAD,04/08/2014,1.0917,1.0934,1.0905,1.0906
CAD,01/08/2014,1.0906,1.0944,1.0885,1.0916
CAD,31/07/2014,1.0903,1.093,1.0877,1.0906
CAD,30/07/2014,1.0852,1.0917,1.0849,1.0903
CAD,28/07/2014,1.0799,1.0866,1.0797,1.0852
CAD,25/07/2014,1.0745,1.0821,1.0739,1.0812
CAD,24/07/2014,1.0728,1.0752,1.0718,1.0745
CAD,23/07/2014,1.0738,1.0746,1.0711,1.0728
CAD,22/07/2014,1.0738,1.0759,1.0731,1.0738
CAD,21/07/2014,1.0738,1.0752,1.0726,1.0738
CAD,18/07/2014,1.0763,1.0766,1.0709,1.0733
CAD,17/07/2014,1.0741,1.0764,1.0728,1.0763
CAD,16/07/2014,1.0759,1.0794,1.0724,1.0741
CAD,15/07/2014,1.0712,1.077,1.0711,1.0759
CAD,14/07/2014,1.0734,1.0747,1.071,1.0712
CAD,11/07/2014,1.065,1.0737,1.0631,1.0734
CAD,10/07/2014,1.0651,1.0676,1.0645,1.065
CAD,09/07/2014,1.0679,1.0684,1.0641,1.0651
CAD,08/07/2014,1.0684,1.0694,1.0662,1.0679
CAD,07/07/2014,1.0651,1.0684,1.0631,1.0684
CAD,04/07/2014,1.0634,1.0659,1.0631,1.0653
CAD,03/07/2014,1.0664,1.0681,1.0621,1.0634
CAD,02/07/2014,1.0632,1.0671,1.0627,1.0664
CAD,01/07/2014,1.0671,1.0678,1.0631,1.0632
CAD,30/06/2014,1.0669,1.0697,1.0647,1.0671
CAD,27/06/2014,1.0689,1.0697,1.066,1.0666
CAD,26/06/2014,1.0719,1.0725,1.0683,1.0689
CAD,25/06/2014,1.0745,1.0752,1.0717,1.0719
CAD,24/06/2014,1.0732,1.0746,1.0716,1.0745
CAD,23/06/2014,1.0763,1.0765,1.0717,1.0732
CAD,20/06/2014,1.0818,1.0826,1.0752,1.0758
CAD,19/06/2014,1.0836,1.0842,1.081,1.0818
CAD,18/06/2014,1.0861,1.0892,1.0836,1.0836
CAD,17/06/2014,1.0845,1.0875,1.0841,1.0861
CAD,16/06/2014,1.0859,1.0882,1.0836,1.0845
CAD,13/06/2014,1.0856,1.087,1.0848,1.0855
CAD,12/06/2014,1.0868,1.087,1.0842,1.0856
CAD,11/06/2014,1.0903,1.0907,1.0862,1.0868
CAD,10/06/2014,1.0904,1.0921,1.0891,1.0903
CAD,09/06/2014,1.0928,1.0941,1.0901,1.0904
CAD,06/06/2014,1.0925,1.0948,1.0908,1.0931
CAD,05/06/2014,1.094,1.0961,1.0917,1.0925
CAD,04/06/2014,1.0908,1.0955,1.0907,1.094
CAD,03/06/2014,1.09,1.0922,1.0891,1.0908
CAD,02/06/2014,1.0849,1.0911,1.0837,1.09
CAD,30/05/2014,1.0837,1.0868,1.0823,1.0846
CAD,29/05/2014,1.0875,1.0878,1.0826,1.0837
CAD,28/05/2014,1.0858,1.0886,1.0844,1.0875
CAD,27/05/2014,1.0859,1.0875,1.0836,1.0858
CAD,26/05/2014,1.087,1.0875,1.0853,1.0859
CAD,23/05/2014,1.0891,1.0909,1.0861,1.0861
CAD,22/05/2014,1.0912,1.0931,1.0885,1.0891
CAD,21/05/2014,1.0908,1.0942,1.0894,1.0912
CAD,20/05/2014,1.0875,1.0917,1.0871,1.0908
CAD,19/05/2014,1.0863,1.0876,1.0851,1.0875
CAD,16/05/2014,1.0885,1.0889,1.0856,1.0861
CAD,15/05/2014,1.0904,1.0922,1.087,1.0889
CAD,14/05/2014,1.0904,1.0922,1.087,1.0889
CAD,13/05/2014,1.0896,1.0926,1.0887,1.0904
CAD,12/05/2014,1.0903,1.0907,1.0875,1.0896
CAD,09/05/2014,1.0831,1.0916,1.0817,1.0898
CAD,08/05/2014,1.09,1.0904,1.0814,1.0831
CAD,07/05/2014,1.0895,1.0908,1.0876,1.09
CAD,06/05/2014,1.0955,1.0961,1.0874,1.0895
CAD,05/05/2014,1.0984,1.0989,1.0949,1.0955
CAD,02/05/2014,1.0956,1.1004,1.0936,1.0972
CAD,01/05/2014,1.0962,1.0995,1.0953,1.0956
CAD,29/04/2014,1.1029,1.103,1.0943,1.0944
CAD,28/04/2014,1.1037,1.1044,1.1018,1.1029
CAD,25/04/2014,1.1021,1.1047,1.1014,1.1039
CAD,23/04/2014,1.1032,1.1039,1.1016,1.1021
CAD,22/04/2014,1.101,1.1042,1.1001,1.1026
CAD,21/04/2014,1.102,1.1031,1.1008,1.101
CAD,17/04/2014,1.1003,1.1029,1.0998,1.1024
CAD,16/04/2014,1.0978,1.1034,1.096,1.1011
CAD,15/04/2014,1.0962,1.1013,1.0959,1.0978
CAD,11/04/2014,1.0969,1.0993,1.0943,1.0962
CAD,10/04/2014,1.0879,1.0936,1.0868,1.0936
CAD,09/04/2014,1.0923,1.0942,1.0858,1.0879
CAD,08/04/2014,1.0975,1.0978,1.0913,1.0923
CAD,07/04/2014,1.0981,1.101,1.0962,1.0975
CAD,04/04/2014,1.1035,1.1042,1.0957,1.0981
CAD,03/04/2014,1.1033,1.1045,1.1006,1.1035
CAD,02/04/2014,1.1024,1.1048,1.1005,1.1033
CAD,01/04/2014,1.105,1.107,1.1013,1.1024
CAD,28/03/2014,1.1065,1.107,1.1003,1.105
CAD,27/03/2014,1.1102,1.1107,1.1014,1.1031
CAD,26/03/2014,1.1167,1.1171,1.1081,1.1102
CAD,25/03/2014,1.1192,1.121,1.1155,1.1167
CAD,24/03/2014,1.1219,1.1246,1.1184,1.1192
CAD,21/03/2014,1.1244,1.1263,1.1174,1.1221
CAD,20/03/2014,1.1238,1.1279,1.1234,1.1244
CAD,19/03/2014,1.1135,1.1271,1.1122,1.1238
CAD,18/03/2014,1.1052,1.1146,1.1026,1.1135
CAD,14/03/2014,1.11,1.1108,1.1045,1.1052
CAD,13/03/2014,1.1118,1.1122,1.1043,1.1076
CAD,12/03/2014,1.1106,1.1154,1.1091,1.1118
CAD,11/03/2014,1.1108,1.1131,1.1072,1.1106
CAD,10/03/2014,1.1081,1.1131,1.1071,1.1108
CAD,07/03/2014,1.0985,1.1101,1.0981,1.1087
CAD,06/03/2014,1.1029,1.1046,1.0956,1.0985
CAD,05/03/2014,1.1092,1.11,1.1029,1.1029
CAD,04/03/2014,1.1076,1.1118,1.1062,1.1092
CAD,03/03/2014,1.1054,1.111,1.1039,1.1076
CAD,28/02/2014,1.1121,1.1147,1.1041,1.1064
CAD,27/02/2014,1.1128,1.116,1.1118,1.1121
CAD,26/02/2014,1.1128,1.116,1.1118,1.1121
CAD,25/02/2014,1.106,1.1096,1.1055,1.1085
CAD,24/02/2014,1.1114,1.1143,1.1055,1.106
CAD,21/02/2014,1.108,1.1113,1.1061,1.1099
CAD,20/02/2014,1.108,1.1113,1.1061,1.1099
CAD,19/02/2014,1.0947,1.1087,1.0911,1.108
CAD,18/02/2014,1.0965,1.0977,1.094,1.0947
CAD,17/02/2014,1.0984,1.0999,1.0953,1.0965
CAD,14/02/2014,1.0977,1.099,1.0941,1.0978
CAD,13/02/2014,1.1003,1.1026,1.0955,1.0977
CAD,12/02/2014,1.1009,1.1025,1.0976,1.1003
CAD,11/02/2014,1.1055,1.1091,1.1003,1.1009
CAD,10/02/2014,1.1033,1.1062,1.1019,1.1055
CAD,07/02/2014,1.107,1.1079,1.0968,1.1032
CAD,06/02/2014,1.1082,1.1121,1.1037,1.1083
CAD,05/02/2014,1.1082,1.1121,1.1037,1.1083
CAD,04/02/2014,1.1119,1.1123,1.1049,1.1082
CAD,03/02/2014,1.1157,1.1224,1.1088,1.1128
CAD,31/01/2014,1.1157,1.1224,1.1088,1.1128
CAD,30/01/2014,1.1171,1.1199,1.1151,1.1157
CAD,29/01/2014,1.1153,1.1187,1.1103,1.1171
CAD,28/01/2014,1.1116,1.1177,1.1079,1.1153
CAD,27/01/2014,1.1102,1.1137,1.1052,1.1088
CAD,24/01/2014,1.1102,1.1137,1.1052,1.1088
CAD,23/01/2014,1.1087,1.1174,1.1082,1.1102
CAD,22/01/2014,1.0967,1.1092,1.0954,1.1087
CAD,21/01/2014,1.0949,1.1019,1.0943,1.0967
CAD,20/01/2014,1.0963,1.0972,1.093,1.0949
CAD,17/01/2014,1.093,1.0984,1.0926,1.0964
CAD,16/01/2014,1.0934,1.0963,1.0905,1.093
CAD,15/01/2014,1.0946,1.0991,1.0921,1.0934
CAD,14/01/2014,1.0863,1.0959,1.086,1.0946
CAD,10/01/2014,1.0842,1.0946,1.0838,1.0892
CAD,09/01/2014,1.082,1.0875,1.0819,1.0842
CAD,08/01/2014,1.0766,1.083,1.0762,1.082
CAD,07/01/2014,1.0656,1.0781,1.0651,1.0766
CAD,06/01/2014,1.0637,1.0681,1.0609,1.0656
CAD,03/01/2014,1.067,1.0672,1.0603,1.0635
CAD,02/01/2014,1.0644,1.0678,1.0589,1.067
CAD,01/01/2014,1.0623,1.0698,1.0616,1.0644
CAD,31/12/2013,1.0648,1.0657,1.0613,1.0623
CAD,30/12/2013,1.0698,1.0728,1.0637,1.0648
CAD,27/12/2013,1.0648,1.0719,1.062,1.0706
CAD,26/12/2013,1.063,1.065,1.0616,1.0648
CAD,24/12/2013,1.0631,1.064,1.0596,1.063
CAD,23/12/2013,1.0644,1.0653,1.0582,1.0605
CAD,20/12/2013,1.0664,1.0738,1.0628,1.0635
CAD,19/12/2013,1.0703,1.0728,1.0661,1.0664
CAD,18/12/2013,1.0607,1.0703,1.0602,1.0703
CAD,17/12/2013,1.0596,1.0618,1.0576,1.0607
CAD,16/12/2013,1.0593,1.0599,1.0573,1.0596
CAD,13/12/2013,1.064,1.0669,1.0581,1.0585
CAD,12/12/2013,1.059,1.0656,1.0561,1.064
CAD,11/12/2013,1.0603,1.062,1.0585,1.059
CAD,10/12/2013,1.0627,1.0646,1.0601,1.0603
CAD,09/12/2013,1.0637,1.067,1.0626,1.0627
CAD,06/12/2013,1.0654,1.0708,1.0623,1.064
CAD,05/12/2013,1.0684,1.0699,1.0625,1.0654
CAD,04/12/2013,1.0649,1.0707,1.0638,1.0684
CAD,03/12/2013,1.0644,1.0673,1.0631,1.0649
CAD,02/12/2013,1.0615,1.0654,1.0611,1.0644
CAD,29/11/2013,1.0581,1.0629,1.0559,1.0614
CAD,28/11/2013,1.0595,1.0598,1.0571,1.0581
CAD,27/11/2013,1.0541,1.0603,1.0532,1.0595
CAD,26/11/2013,1.0543,1.0558,1.0521,1.0541
CAD,25/11/2013,1.0521,1.0583,1.0519,1.0543
CAD,22/11/2013,1.0517,1.0569,1.0514,1.0514
CAD,21/11/2013,1.0453,1.0526,1.0447,1.0517
CAD,20/11/2013,1.0469,1.0474,1.0436,1.0453
CAD,19/11/2013,1.0429,1.0485,1.0416,1.0469
CAD,18/11/2013,1.0437,1.0442,1.0415,1.0429
CAD,14/11/2013,1.0464,1.0485,1.0438,1.0439
CAD,13/11/2013,1.0495,1.0496,1.0452,1.0457
CAD,12/11/2013,1.0476,1.0509,1.0464,1.0495
CAD,11/11/2013,1.0482,1.0487,1.0465,1.0476
CAD,08/11/2013,1.0462,1.0504,1.0446,1.0479
CAD,07/11/2013,1.0418,1.0463,1.0406,1.0462
CAD,06/11/2013,1.0456,1.0459,1.0412,1.0418
CAD,05/11/2013,1.0425,1.0462,1.0417,1.0456
CAD,01/11/2013,1.0425,1.043,1.0398,1.0425
CAD,31/10/2013,1.0479,1.049,1.0412,1.0431
CAD,30/10/2013,1.0469,1.0497,1.0441,1.0479
CAD,29/10/2013,1.0445,1.0471,1.0428,1.0469
CAD,28/10/2013,1.0447,1.0453,1.0429,1.0445
CAD,25/10/2013,1.0422,1.0461,1.0411,1.0448
CAD,24/10/2013,1.0382,1.0438,1.0366,1.0422
CAD,23/10/2013,1.0286,1.0397,1.0283,1.0382
CAD,22/10/2013,1.0304,1.031,1.0271,1.0286
CAD,21/10/2013,1.0296,1.0304,1.0289,1.0304
CAD,18/10/2013,1.0289,1.0302,1.0277,1.0286
CAD,17/10/2013,1.0328,1.0333,1.0281,1.0289
CAD,15/10/2013,1.0383,1.0385,1.0326,1.0328
CAD,14/10/2013,1.0351,1.0375,1.0342,1.0354
CAD,11/10/2013,1.0398,1.0413,1.034,1.0349
CAD,10/10/2013,1.0394,1.042,1.0372,1.0398
CAD,09/10/2013,1.0368,1.0407,1.0353,1.0394
CAD,08/10/2013,1.0313,1.0374,1.0308,1.0368
CAD,07/10/2013,1.029,1.0334,1.0287,1.0313
CAD,04/10/2013,1.0333,1.034,1.029,1.0294
CAD,03/10/2013,1.0337,1.034,1.0313,1.0333
CAD,01/10/2013,1.0322,1.0356,1.0322,1.0337
CAD,30/09/2013,1.0311,1.032,1.0275,1.0309
CAD,27/09/2013,1.031,1.0332,1.0298,1.0306
CAD,26/09/2013,1.0314,1.0341,1.0303,1.031
CAD,25/09/2013,1.03,1.0319,1.0286,1.0314
CAD,24/09/2013,1.0284,1.0311,1.0271,1.03
CAD,23/09/2013,1.0296,1.0315,1.0275,1.0284
CAD,20/09/2013,1.0265,1.0311,1.0263,1.0304
CAD,19/09/2013,1.022,1.0267,1.0182,1.0265
CAD,18/09/2013,1.0324,1.0335,1.0275,1.0296
CAD,17/09/2013,1.0324,1.0335,1.0275,1.0296
CAD,16/09/2013,1.0355,1.0358,1.0283,1.0324
CAD,13/09/2013,1.0323,1.0357,1.0322,1.0351
CAD,11/09/2013,1.0349,1.0365,1.0314,1.0319
CAD,10/09/2013,1.0369,1.038,1.0331,1.0349
CAD,06/09/2013,1.0496,1.0516,1.0476,1.0505
CAD,04/09/2013,1.0535,1.0542,1.0476,1.0496
CAD,03/09/2013,1.0544,1.056,1.0509,1.0535
CAD,02/09/2013,1.0533,1.0558,1.0517,1.0544
CAD,30/08/2013,1.0532,1.0558,1.0509,1.0537
CAD,29/08/2013,1.0487,1.0541,1.048,1.0532
CAD,28/08/2013,1.0474,1.0511,1.0472,1.0487
CAD,27/08/2013,1.05,1.054,1.0472,1.0474
CAD,26/08/2013,1.0502,1.0533,1.0496,1.0501
CAD,23/08/2013,1.0516,1.0568,1.0496,1.0496
CAD,21/08/2013,1.0392,1.0483,1.0389,1.0474
CAD,20/08/2013,1.0345,1.0401,1.0338,1.0392
CAD,19/08/2013,1.0335,1.0348,1.0316,1.0345
CAD,16/08/2013,1.0306,1.036,1.0294,1.0336
CAD,14/08/2013,1.0342,1.0364,1.0301,1.0306
CAD,13/08/2013,1.0307,1.0349,1.0302,1.0343
CAD,12/08/2013,1.0288,1.0317,1.0281,1.0307
CAD,08/08/2013,1.0328,1.0353,1.0276,1.0289
CAD,07/08/2013,1.0377,1.0445,1.0368,1.0423
CAD,06/08/2013,1.036,1.0391,1.0348,1.0377
CAD,05/08/2013,1.0388,1.0403,1.036,1.036
CAD,02/08/2013,1.0346,1.0403,1.0339,1.0392
CAD,01/08/2013,1.0277,1.0351,1.0266,1.0346
CAD,31/07/2013,1.0305,1.0336,1.0246,1.0277
CAD,30/07/2013,1.0265,1.031,1.0259,1.0305
CAD,29/07/2013,1.0283,1.0286,1.0253,1.0265
CAD,26/07/2013,1.028,1.0303,1.0262,1.0278
CAD,25/07/2013,1.0316,1.032,1.0255,1.028
CAD,24/07/2013,1.0287,1.0325,1.0263,1.0316
CAD,23/07/2013,1.0334,1.0349,1.0278,1.0287
CAD,22/07/2013,1.037,1.0371,1.0322,1.0334
CAD,19/07/2013,1.0378,1.0393,1.0356,1.0368
CAD,18/07/2013,1.0405,1.0439,1.0376,1.0378
CAD,17/07/2013,1.0369,1.0439,1.0356,1.0405
CAD,16/07/2013,1.0427,1.0442,1.0364,1.0369
CAD,15/07/2013,1.0394,1.0433,1.0379,1.0427
CAD,12/07/2013,1.0366,1.0404,1.0359,1.0395
CAD,11/07/2013,1.0465,1.0473,1.0326,1.0366
CAD,10/07/2013,1.0527,1.054,1.0447,1.0465
CAD,09/07/2013,1.0558,1.0574,1.0514,1.0527
CAD,08/07/2013,1.0576,1.0586,1.0547,1.0558
CAD,05/07/2013,1.0515,1.0609,1.0512,1.0582
CAD,04/07/2013,1.0505,1.0558,1.0472,1.0515
CAD,03/07/2013,1.0544,1.0565,1.0504,1.0505
CAD,02/07/2013,1.0497,1.0578,1.0493,1.0544
CAD,01/07/2013,1.0515,1.0534,1.0488,1.0497
CAD,28/06/2013,1.0477,1.0553,1.0454,1.0519
CAD,27/06/2013,1.047,1.0504,1.0424,1.0477
CAD,26/06/2013,1.0515,1.0528,1.0458,1.047
CAD,25/06/2013,1.0501,1.0548,1.0458,1.0515
CAD,24/06/2013,1.0453,1.0556,1.0449,1.0501
CAD,21/06/2013,1.0387,1.0489,1.0363,1.0457
CAD,20/06/2013,1.0273,1.0394,1.0267,1.0387
CAD,19/06/2013,1.0212,1.0287,1.0174,1.0273
CAD,18/06/2013,1.0186,1.0217,1.0177,1.0212
CAD,17/06/2013,1.0174,1.0206,1.015,1.0186
CAD,14/06/2013,1.0159,1.0187,1.0137,1.017
CAD,13/06/2013,1.0212,1.0226,1.0148,1.0159
CAD,12/06/2013,1.0189,1.0217,1.0156,1.0212
CAD,11/06/2013,1.0194,1.0251,1.0175,1.0189
CAD,10/06/2013,1.0204,1.0224,1.0168,1.0194
CAD,07/06/2013,1.0264,1.0288,1.0167,1.0197
CAD,06/06/2013,1.0345,1.0367,1.0199,1.0264
CAD,05/06/2013,1.0342,1.038,1.0328,1.0345
CAD,04/06/2013,1.0278,1.0362,1.0274,1.0342
CAD,03/06/2013,1.0382,1.0388,1.0262,1.0278
CAD,31/05/2013,1.0297,1.0381,1.0295,1.0375
CAD,30/05/2013,1.0351,1.0388,1.0297,1.0297
CAD,29/05/2013,1.0398,1.0421,1.0346,1.0351
CAD,28/05/2013,1.0341,1.0408,1.0325,1.0398
CAD,27/05/2013,1.0315,1.0344,1.0301,1.0341
CAD,24/05/2013,1.0305,1.0356,1.03,1.0318
CAD,23/05/2013,1.0367,1.0394,1.0286,1.0305
CAD,22/05/2013,1.0267,1.0388,1.0251,1.0367
CAD,20/05/2013,1.0282,1.0296,1.0217,1.0241
CAD,16/05/2013,1.0157,1.0207,1.0149,1.0195
CAD,15/05/2013,1.018,1.0219,1.0157,1.0157
CAD,14/05/2013,1.0106,1.0182,1.009,1.018
CAD,13/05/2013,1.0112,1.0133,1.0082,1.0106
CAD,10/05/2013,1.0068,1.0152,1.0063,1.01
CAD,09/05/2013,1.0027,1.009,1.0014,1.0068
CAD,08/05/2013,1.0042,1.0059,1.0018,1.0027
CAD,07/05/2013,1.0068,1.0083,1.0037,1.0042
CAD,06/05/2013,1.0078,1.0096,1.0065,1.0068
CAD,03/05/2013,1.0105,1.0132,1.0077,1.008
CAD,02/05/2013,1.0083,1.011,1.006,1.0105
CAD,30/04/2013,1.0073,1.01,1.0052,1.0083
CAD,29/04/2013,1.0164,1.0175,1.0108,1.0112
CAD,26/04/2013,1.0198,1.0214,1.0158,1.0167
CAD,25/04/2013,1.0256,1.0261,1.0186,1.0198
CAD,23/04/2013,1.0257,1.0279,1.0247,1.0256
CAD,22/04/2013,1.0247,1.0286,1.0245,1.0256
CAD,19/04/2013,1.0264,1.027,1.0233,1.0266
CAD,18/04/2013,1.0266,1.0278,1.023,1.0264
CAD,17/04/2013,1.0207,1.0294,1.0207,1.0266
CAD,16/04/2013,1.0256,1.0258,1.0203,1.0207
CAD,15/04/2013,1.0132,1.0259,1.0128,1.0256
CAD,12/04/2013,1.0105,1.0145,1.0094,1.0136
CAD,10/04/2013,1.0142,1.0157,1.0084,1.0105
CAD,09/04/2013,1.0166,1.0176,1.0135,1.0164
CAD,08/04/2013,1.0176,1.0214,1.0156,1.0166
CAD,04/04/2013,1.0146,1.0167,1.0105,1.0127
CAD,03/04/2013,1.0148,1.0155,1.0125,1.0146
CAD,02/04/2013,1.0168,1.0169,1.0125,1.0148
CAD,01/04/2013,1.0177,1.0183,1.0161,1.0168
CAD,28/03/2013,1.0162,1.0182,1.0158,1.0174
CAD,26/03/2013,1.0161,1.0196,1.015,1.016
CAD,25/03/2013,1.0234,1.0236,1.0188,1.0213
CAD,22/03/2013,1.0252,1.0264,1.022,1.0232
CAD,21/03/2013,1.026,1.0265,1.0201,1.0252
CAD,20/03/2013,1.0268,1.0279,1.0238,1.026
CAD,19/03/2013,1.0222,1.0285,1.0214,1.0268
CAD,18/03/2013,1.0203,1.025,1.0203,1.0222
CAD,15/03/2013,1.0222,1.0231,1.0181,1.0194
CAD,14/03/2013,1.0276,1.0284,1.0212,1.0222
CAD,12/03/2013,1.0259,1.0284,1.0249,1.0257
CAD,11/03/2013,1.0293,1.0296,1.0255,1.0259
CAD,08/03/2013,1.0294,1.0315,1.0235,1.0287
CAD,07/03/2013,1.032,1.0329,1.0285,1.0294
CAD,06/03/2013,1.0269,1.0337,1.0255,1.032
CAD,05/03/2013,1.0273,1.0294,1.0256,1.0269
CAD,04/03/2013,1.0275,1.031,1.0263,1.0273
CAD,01/03/2013,1.0306,1.0342,1.0262,1.0268
CAD,28/02/2013,1.0229,1.0313,1.0217,1.0306
CAD,27/02/2013,1.0261,1.0277,1.0228,1.0229
CAD,26/02/2013,1.0262,1.0304,1.0241,1.0261
CAD,25/02/2013,1.0219,1.0278,1.0207,1.0262
CAD,22/02/2013,1.0185,1.0256,1.016,1.0215
CAD,21/02/2013,1.0167,1.0208,1.0163,1.0185
CAD,20/02/2013,1.0112,1.0186,1.011,1.0167
CAD,19/02/2013,1.0107,1.0138,1.0102,1.0112
CAD,18/02/2013,1.0066,1.0122,1.0058,1.0107
CAD,15/02/2013,1.0009,1.0082,1.0002,1.0064
CAD,14/02/2013,1.0018,1.0024,1,1.0009
CAD,11/02/2013,1.003,1.0084,1.0023,1.0048
CAD,08/02/2013,0.9979,1.0035,0.9971,1.002
CAD,07/02/2013,0.9956,0.9995,0.9933,0.9979
CAD,06/02/2013,0.9956,0.9989,0.9949,0.9956
CAD,05/02/2013,0.9988,0.9995,0.9955,0.9956
CAD,04/02/2013,0.9969,0.9994,0.9948,0.9988
CAD,01/02/2013,0.9972,1.0004,0.9965,0.9965
CAD,31/01/2013,1.0014,1.0035,0.9958,0.9972
CAD,30/01/2013,1.0009,1.0053,1.0008,1.0014
CAD,29/01/2013,1.0063,1.0066,1.0008,1.0009
CAD,28/01/2013,1.0061,1.01,1.006,1.0063
CAD,24/01/2013,1.0026,1.01,1.0021,1.0058
CAD,23/01/2013,0.9919,1.0005,0.9904,0.9992
CAD,22/01/2013,0.9929,0.9946,0.9909,0.9919
CAD,21/01/2013,0.9918,0.9939,0.991,0.9929
CAD,18/01/2013,0.9858,0.9947,0.9854,0.9917
CAD,17/01/2013,0.9859,0.9886,0.9843,0.9858
CAD,16/01/2013,0.9843,0.9877,0.9838,0.9859
CAD,15/01/2013,0.9837,0.9867,0.9832,0.9843
CAD,14/01/2013,0.9844,0.9866,0.9832,0.9837
CAD,11/01/2013,0.9832,0.9854,0.9816,0.9848
CAD,10/01/2013,0.9876,0.988,0.9832,0.9832
CAD,09/01/2013,0.9867,0.9881,0.9855,0.9876
CAD,08/01/2013,0.9859,0.9883,0.9844,0.9867
CAD,07/01/2013,0.9886,0.9886,0.9854,0.9859
CAD,04/01/2013,0.9878,0.9923,0.9848,0.9872
CAD,03/01/2013,0.9849,0.9884,0.9843,0.9878
CAD,02/01/2013,0.9933,0.9944,0.9837,0.9849
CAD,01/01/2013,0.9921,0.9939,0.991,0.9934
CAD,31/12/2012,0.9966,0.9973,0.9918,0.9921
CAD,28/12/2012,0.9952,0.9971,0.9939,0.997
CAD,27/12/2012,0.9943,0.9959,0.9909,0.9952
CAD,26/12/2012,0.9924,0.9951,0.9904,0.9943
CAD,24/12/2012,0.993,0.9944,0.9913,0.9924
CAD,21/12/2012,0.9877,0.9953,0.9873,0.9932
CAD,20/12/2012,0.9887,0.9897,0.9869,0.9877
CAD,19/12/2012,0.9857,0.9889,0.985,0.9888
CAD,18/12/2012,0.9835,0.9859,0.9832,0.9857
CAD,17/12/2012,0.9868,0.9882,0.9834,0.9835
CAD,14/12/2012,0.9849,0.9866,0.9832,0.9855
CAD,13/12/2012,0.9844,0.9856,0.9825,0.9849
CAD,12/12/2012,0.9861,0.9866,0.9826,0.9844
CAD,11/12/2012,0.9863,0.988,0.9858,0.9861
CAD,10/12/2012,0.988,0.9888,0.9862,0.9863
CAD,07/12/2012,0.9914,0.9934,0.9877,0.9884
CAD,06/12/2012,0.9917,0.9927,0.9893,0.9914
CAD,05/12/2012,0.9927,0.9941,0.9908,0.9917
CAD,04/12/2012,0.9951,0.9955,0.9915,0.9927
CAD,03/12/2012,0.9931,0.9953,0.9916,0.9951
CAD,29/11/2012,0.9921,0.9939,0.9912,0.9925
CAD,28/11/2012,0.9945,0.9962,0.9918,0.9921
CAD,26/11/2012,0.9929,0.996,0.9918,0.9935
CAD,23/11/2012,0.9972,0.9982,0.9916,0.9929
CAD,22/11/2012,0.9963,0.9982,0.9953,0.9972
CAD,21/11/2012,0.9968,0.9992,0.9958,0.9963
CAD,20/11/2012,0.9963,0.9991,0.9956,0.9968
CAD,19/11/2012,1.0012,1.0018,0.9955,0.9963
CAD,16/11/2012,1.001,1.0057,0.9997,1.0012
CAD,15/11/2012,0.9998,1.0036,0.9991,1.0021
CAD,12/11/2012,0.9998,1.0036,0.9991,1.0021
CAD,09/11/2012,1.0003,1.0033,0.9983,1.0016
CAD,08/11/2012,0.9967,1.0004,0.9947,1.0003
CAD,07/11/2012,0.9921,0.9983,0.9875,0.9967
CAD,06/11/2012,0.9964,0.9968,0.9911,0.9921
CAD,02/11/2012,0.9965,0.9985,0.9922,0.9958
CAD,01/11/2012,0.9994,1.0013,0.996,0.9965
CAD,30/10/2012,1.001,1.0019,0.9984,0.9994
CAD,29/10/2012,0.9977,1.0012,0.9973,1.001
CAD,22/10/2012,0.9936,0.9965,0.9917,0.9922
CAD,19/10/2012,0.9853,0.994,0.9845,0.9936
CAD,16/10/2012,0.9787,0.9812,0.9769,0.9807
CAD,15/10/2012,0.9787,0.9812,0.9769,0.9807
CAD,12/10/2012,0.9786,0.9809,0.9768,0.9802
CAD,11/10/2012,0.9818,0.9835,0.9764,0.9786
CAD,10/10/2012,0.9783,0.9819,0.9768,0.9818
CAD,09/10/2012,0.9769,0.9808,0.9744,0.9783
CAD,08/10/2012,0.9784,0.9801,0.9751,0.9769
CAD,05/10/2012,0.9804,0.9812,0.9736,0.9786
CAD,04/10/2012,0.9876,0.988,0.98,0.9804
CAD,28/09/2012,0.9806,0.9852,0.9782,0.9837
CAD,27/09/2012,0.9855,0.9856,0.9791,0.9806
CAD,25/09/2012,0.9787,0.9812,0.9757,0.9806
CAD,24/09/2012,0.9751,0.9818,0.975,0.9787
CAD,21/09/2012,0.9769,0.978,0.9732,0.9764
CAD,20/09/2012,0.9745,0.9816,0.9745,0.9769
CAD,18/09/2012,0.9704,0.976,0.9694,0.9748
CAD,17/09/2012,0.9704,0.976,0.9694,0.9748
CAD,13/09/2012,0.9762,0.9774,0.9665,0.9685
CAD,12/09/2012,0.973,0.9769,0.9715,0.9762
CAD,11/09/2012,0.9776,0.9778,0.9714,0.973
CAD,10/09/2012,0.9782,0.9789,0.9755,0.9776
CAD,07/09/2012,0.9827,0.9835,0.9766,0.9786
CAD,06/09/2012,0.9905,0.9915,0.9809,0.9827
CAD,05/09/2012,0.9859,0.9919,0.9857,0.9905
CAD,04/09/2012,0.9858,0.9875,0.9843,0.9859
CAD,31/08/2012,0.9925,0.9931,0.9852,0.9863
CAD,30/08/2012,0.9894,0.9932,0.9889,0.9925
CAD,29/08/2012,0.9882,0.9899,0.9866,0.9894
CAD,28/08/2012,0.9907,0.9918,0.9843,0.9882
CAD,27/08/2012,0.9916,0.9927,0.989,0.9907
CAD,23/08/2012,0.9914,0.9949,0.9886,0.9939
CAD,22/08/2012,0.9892,0.9947,0.989,0.9914
CAD,21/08/2012,0.9884,0.99,0.9843,0.9892
CAD,17/08/2012,0.989,0.9902,0.9876,0.9884
CAD,16/08/2012,0.9894,0.99,0.986,0.9866
CAD,13/08/2012,0.9914,0.994,0.9905,0.9926
CAD,10/08/2012,0.9911,0.997,0.9906,0.9911
CAD,09/08/2012,0.9942,0.9951,0.991,0.9911
CAD,08/08/2012,0.997,0.9989,0.9937,0.9942
CAD,07/08/2012,1.0002,1.0012,0.9963,0.997
CAD,03/08/2012,1.0074,1.0077,0.998,1.0013
CAD,02/08/2012,1.0056,1.0085,1.0002,1.0074
CAD,01/08/2012,1.0031,1.0057,1.0004,1.0056
CAD,31/07/2012,1.0016,1.0043,1.0003,1.0031
CAD,26/07/2012,1.0221,1.0232,1.0139,1.0155
CAD,25/07/2012,1.0221,1.0232,1.0139,1.0155
CAD,24/07/2012,1.0188,1.0227,1.0158,1.0221
CAD,23/07/2012,1.0132,1.0204,1.0128,1.0188
CAD,20/07/2012,1.0074,1.0131,1.0069,1.0125
CAD,19/07/2012,1.0102,1.0107,1.0066,1.0074
CAD,18/07/2012,1.012,1.0149,1.0101,1.0102
CAD,17/07/2012,1.015,1.017,1.0119,1.012
CAD,13/07/2012,1.0191,1.0203,1.013,1.0141
CAD,12/07/2012,1.0198,1.025,1.0177,1.0191
CAD,11/07/2012,1.0226,1.0231,1.0173,1.0198
CAD,10/07/2012,1.0192,1.023,1.0166,1.0226
CAD,09/07/2012,1.0142,1.0208,1.014,1.0196
CAD,06/07/2012,1.0142,1.0208,1.014,1.0196
CAD,05/07/2012,1.013,1.0157,1.0101,1.0142
CAD,04/07/2012,1.0122,1.0142,1.0121,1.013
CAD,02/07/2012,1.0175,1.0202,1.0156,1.0171
CAD,29/06/2012,1.0332,1.0342,1.0165,1.0166
CAD,28/06/2012,1.0249,1.0363,1.0232,1.0332
CAD,25/06/2012,1.0244,1.0318,1.0244,1.0292
CAD,22/06/2012,1.0297,1.03,1.0242,1.0246
CAD,20/06/2012,1.0178,1.0232,1.016,1.0183
CAD,19/06/2012,1.0243,1.0244,1.0167,1.0178
CAD,18/06/2012,1.0216,1.0279,1.0193,1.0243
CAD,15/06/2012,1.0226,1.0256,1.0216,1.0217
CAD,14/06/2012,1.0303,1.0303,1.0226,1.0226
CAD,13/06/2012,1.0264,1.0303,1.0242,1.0303
CAD,11/06/2012,1.0246,1.0318,1.0201,1.0317
CAD,08/06/2012,1.0279,1.0355,1.0256,1.0266
CAD,07/06/2012,1.0276,1.0296,1.021,1.0279
CAD,06/06/2012,1.0381,1.0384,1.0271,1.0276
CAD,04/06/2012,1.0393,1.0447,1.0369,1.0394
CAD,01/06/2012,1.0328,1.0443,1.0317,1.041
CAD,31/05/2012,1.0301,1.0366,1.0262,1.0328
CAD,30/05/2012,1.0221,1.0311,1.0218,1.0301
CAD,29/05/2012,1.0239,1.027,1.0207,1.0221
CAD,28/05/2012,1.0266,1.0272,1.0223,1.0239
CAD,25/05/2012,1.0269,1.0313,1.0247,1.0293
CAD,22/05/2012,1.0175,1.0235,1.0152,1.0205
CAD,21/05/2012,1.0223,1.0247,1.0165,1.0175
CAD,18/05/2012,1.0196,1.0227,1.0139,1.0222
CAD,17/05/2012,1.0122,1.0196,1.0105,1.0196
CAD,16/05/2012,1.0072,1.0133,1.0054,1.0122
CAD,15/05/2012,1.0037,1.0074,0.999,1.0072
CAD,14/05/2012,1.0002,1.0053,0.9992,1.0037
CAD,11/05/2012,1.0021,1.0054,0.9954,1.0005
CAD,10/05/2012,1.0026,1.0031,0.9977,1.0021
CAD,09/05/2012,0.9987,1.0063,0.9985,1.0026
CAD,08/05/2012,0.9931,1.0023,0.9924,0.9987
CAD,07/05/2012,0.9959,0.9988,0.9926,0.9931
CAD,04/05/2012,0.9885,0.9963,0.9862,0.9961
CAD,03/05/2012,0.9863,0.9893,0.9829,0.9885
CAD,02/05/2012,0.9853,0.9905,0.9849,0.9863
CAD,30/04/2012,0.9872,0.9898,0.9833,0.9854
CAD,27/04/2012,0.9844,0.987,0.98,0.9804
CAD,26/04/2012,0.9834,0.9847,0.9807,0.9843
CAD,25/04/2012,0.9871,0.9881,0.9823,0.9833
CAD,24/04/2012,0.9913,0.9929,0.987,0.9871
CAD,23/04/2012,0.9927,0.9979,0.9905,0.9913
CAD,20/04/2012,0.9957,0.9959,0.9897,0.9924
CAD,19/04/2012,0.9912,0.9964,0.988,0.9957
CAD,18/04/2012,0.9902,0.9924,0.9882,0.9912
CAD,17/04/2012,0.9994,1.0012,0.9865,0.9902
CAD,16/04/2012,0.9972,1.0033,0.9972,0.9994
CAD,13/04/2012,0.9943,0.9997,0.9927,0.9997
CAD,09/04/2012,0.9962,1.0002,0.9945,0.9976
CAD,04/04/2012,0.9911,0.9974,0.9904,0.9963
CAD,03/04/2012,0.9905,0.9929,0.9888,0.9911
CAD,02/04/2012,0.9964,0.9991,0.9888,0.9906
CAD,30/03/2012,0.9964,0.9999,0.9953,0.9987
CAD,29/03/2012,0.9983,1.0019,0.9963,0.9964
CAD,28/03/2012,0.9948,1,0.9947,0.9983
CAD,27/03/2012,0.9906,0.9957,0.9901,0.9948
CAD,26/03/2012,0.998,0.9999,0.9906,0.9906
CAD,23/03/2012,0.9993,1.0034,0.9971,0.9978
CAD,22/03/2012,0.9922,1.0008,0.9912,0.9993
CAD,21/03/2012,0.9915,0.9936,0.9875,0.9922
CAD,20/03/2012,0.9869,0.9969,0.9864,0.9915
CAD,19/03/2012,0.9916,0.9931,0.9861,0.9869
CAD,16/03/2012,0.9918,0.9941,0.9901,0.9917
CAD,15/03/2012,0.9926,0.9949,0.9906,0.9918
CAD,14/03/2012,0.9886,0.9945,0.9881,0.9926
CAD,13/03/2012,0.9925,0.9931,0.9886,0.9886
CAD,12/03/2012,0.9907,0.9948,0.9899,0.9924
CAD,09/03/2012,0.9902,0.9935,0.9873,0.9905
CAD,08/03/2012,0.9974,0.9991,0.9893,0.9902
CAD,07/03/2012,1.0019,1.0025,0.9974,0.9974
CAD,06/03/2012,0.9946,1.0029,0.9937,1.0019
CAD,05/03/2012,0.989,0.996,0.9886,0.9946
CAD,02/03/2012,0.9855,0.9898,0.9849,0.9893
CAD,01/03/2012,0.9899,0.9901,0.9842,0.9855
CAD,29/02/2012,0.9953,0.9958,0.9845,0.9899
CAD,24/02/2012,0.9975,1.0004,0.9967,0.9993
CAD,23/02/2012,0.9998,1.0011,0.9954,0.9975
CAD,21/02/2012,0.9935,0.9976,0.9924,0.9969
CAD,17/02/2012,0.9937,0.9944,0.9907,0.9935
CAD,14/02/2012,0.9997,1.0027,0.9979,0.9991
CAD,13/02/2012,1.0007,1.0017,0.9972,0.9997
CAD,10/02/2012,0.9947,1.0039,0.9944,1.0014
CAD,09/02/2012,0.996,0.9981,0.9926,0.9947
CAD,08/02/2012,0.9944,0.9991,0.9935,0.996
CAD,06/02/2012,0.9943,0.9994,0.9929,0.996
CAD,03/02/2012,0.9993,1.0034,0.9928,0.9934
CAD,30/12/2011,0.9925,0.9952,0.9922,0.9944
